Disease,Category,Symptoms,Prevention,Risk_Level
Atrial fibrillation,Cardiovascular,"Feelings of a fast, fluttering or pounding heartbeat, called palpitations; Chest pain; Dizziness; Fatigue; Lightheadedness; Reduced ability to exercise; Shortness of breath; Weakness","Control high blood pressure, high cholesterol and diabetes; Don't smoke or use tobacco; Eat a diet that's low in salt and saturated fat; Exercise at least 30 minutes a day on most days of the week unless your health care team says not to; Get good sleep. Adults should aim for 7 to 9 hours daily; Maintain a healthy weight; Reduce and manage stress",High
Hyperhidrosis,Neurological,The main symptom of hyperhidrosis is heavy sweating,none,High
Bartholin's cyst,Infectious,"If you have a small, noninfected Bartholin's cyst, you may not notice it; A full-blown infection of a Bartholin's cyst can occur in a matter of days. If the cyst becomes infected, you may experience:; A Bartholin's cyst or abscess typically occurs on only one side of the vaginal opening",There's no way to prevent a Bartholin's cyst,High
Infant reflux,Digestive,"Most of the time, infant reflux isn't a cause for concern",none,Medium
Hidradenitis suppurativa,Skin,"Blackheads.Blackheads appear in small, pitted areas of skin, often appearing in pairs; Painful pea-sized lumps; Leaking bumps or sores.Some bumps or sores get bigger, break open and drain pus with an odor; Tunnels.Over time, tunnels might form under the skin, connecting the lumps. These wounds heal slowly, if at all, and drain blood and pus; Some people with this condition experience only mild symptoms",,High
HIV/AIDS,Infectious,The symptoms ofHIVandAIDSvary depending on the person and the phase of infection,"There's no vaccine to preventHIVinfection and no cure forHIV/AIDS. But you can protect yourself and others from infection; To help prevent the spread ofHIV:; Consider preexposure prophylaxis, also called PrEP; Use treatment as prevention, also called TasP; Use post-exposure prophylaxis, also called PEP, if you've been exposed toHIV; Use a new condom every time you have anal or vaginal sex; Tell your sexual partners you haveHIV.It's important to tell all your current and past sexual partners that you'reHIVpositive. They need to be tested; Use clean needles",High
Acute myelogenous leukemia,Cancer,"Fever; Pain. Common places for pain include the bones, back and stomach; Feeling very tired; Paleness or change in skin color; Frequent infections; Easy bruising; Bleeding with no clear cause, such as in the nose or gums; Shortness of breath",,High
Guillain-Barre syndrome,Neurological,"Guillain-Barre syndrome often begins with tingling and weakness starting in the feet and legs and spreading to the upper body and arms; Symptoms of Guillain-Barre syndrome may include:; A pins and needles feeling in the fingers, toes, ankles or wrists; Weakness in the legs that spreads to the upper body; Unsteady walk or not being able to walk or climb stairs; Trouble with facial movements, including speaking, chewing or swallowing; Double vision or inability to move the eyes; Severe pain that may feel achy, shooting or cramplike and may be worse at night",,High
Acute kidney injury,Musculoskeletal,"Less urine output; Fluid buildup, which can cause shortness of breath and swelling in the legs, ankles or feet; Tiredness; Confusion or fogginess; Nausea; Pain in the belly or in the side below the rib cage; Weakness; Irregular heartbeat","Get treated quickly for bad infections; Work with your healthcare team to manage kidney and other ongoing conditions; Read labels when taking pain medicines available without a prescription; Live a healthy lifestyle.Be active and eat a healthy, balanced diet. If you drink alcohol, drink only in moderation",High
Acute lymphocytic leukemia,Cancer,"Bleeding from the gums; Bone pain; Fever; Frequent infections; Frequent or severe nosebleeds; Lumps caused by swollen lymph nodes in and around the neck, armpits, abdomen or groin; Pale skin; Shortness of breath",,High
Radiation sickness,Ear/Nose/Throat,"The severity of radiation sickness symptoms depends on how much radiation you've absorbed; Symptoms also are affected by the type of exposure, such as total or partial body","In the event of a radiation emergency, listen to the radio or watch television to hear what protective actions local, state and federal authorities recommend",High
ARDS,Respiratory,Severe shortness of breath; Labored and rapid breathing that is not usual; Cough; Chest discomfort; Fast heart rate; Confusion and extreme tiredness,,High
Acute sinusitis,Neurological,"Thick, yellow or greenish mucus from the nose, known as a runny nose, or down the back of the throat, known as postnasal drip; Blocked or stuffy nose, known as congestion. This makes it hard to breathe through the nose; Pain, tenderness, swelling and pressure around the eyes, cheeks, nose or forehead that gets worse when bending over; Other signs and symptoms include:; Ear pressure; Headache; Aching in the teeth; Changed sense of smell","Stay well.Try to stay away from people who have colds or other infections. Wash your hands often with soap and water, such as before meals; Manage allergies.Work with your health care provider to keep symptoms under control; Avoid cigarette smoke and polluted air.Tobacco smoke and other pollutants can irritate lungs and inside the nose, known as nasal passages; Use a machine that adds moisture to the air, known as a humidifier",Medium
Autoimmune epilepsy,Neurological,"Focal seizures; Faciobrachial dystonic seizures.These seizures cause muscle contractions on one side of the face and in an arm, both on the same side of the body; Symptoms related to seizures include:; Seizures that happen several times a day; Seizures that don't go away with antiseizure medicines; Seizures that last more than five minutes or that occur close together without the person regaining consciousness, known as status epilepticus; Autoimmune epilepsy symptoms also may include:; Memory loss and trouble with thinking",You may not be able to prevent autoimmune epilepsy,High
Alcohol use disorder,Ear/Nose/Throat,"Being unable to limit the amount of alcohol you drink; Wanting to cut down on how much you drink or making unsuccessful attempts to do so; Spending a lot of time drinking, getting alcohol or recovering from alcohol use; Feeling a strong craving or urge to drink alcohol; Failing to fulfill major obligations at work, school or home due to repeated alcohol use; Continuing to drink alcohol even though you know it's causing physical, social, work or relationship problems; Giving up or reducing social and work activities and hobbies to use alcohol; Using alcohol in situations where it's not safe, such as when driving or swimming","Loss of interest in activities and hobbies and in personal appearance; Red eyes, slurred speech, problems with coordination and memory lapses; Difficulties or changes in relationships with friends, such as joining a new crowd; Declining grades and problems in school; Frequent mood changes and defensive behavior; You can help prevent teenage alcohol use:; Set a good example with your own alcohol use; Talk openly with your child, spend quality time together and become actively involved in your child's life",High
Compulsive gambling,Neurological,Most casual gamblers stop when losing or set a limit on how much they're willing to lose; Some people with a compulsive gambling problem may have periods of remission — a length of time where they gamble less or not at all,"Although there's no proven way to prevent a gambling problem, educational programs that target individuals and groups at increased risk may be helpful; If you have risk factors for compulsive gambling, consider avoiding gambling in any form, people who gamble and places where gambling occurs",Medium
Nicotine dependence,Other,"You can't stop smoking.You've made one or more serious attempts to stop without long-term success; You smoke within 30 minutes of waking up; You have nicotine withdrawal symptoms when you try to stop; You keep smoking despite health conditions.Even though you've developed health conditions linked to smoking, you haven't been able to stop; You give up social activities",The best way to prevent nicotine dependence is to not start using tobacco; The best way to keep children from smoking is to not smoke yourself,High
Mesenteric lymphadenitis,Digestive,"Pain in the stomach area, often on the lower right side, but the pain can be more spread out; General tenderness of the stomach area; Fever; Enlarged mesenteric lymph nodes; Depending on what's causing the condition, symptoms also might include:; Diarrhea; Nausea and vomiting",,High
Attention-deficit/hyperactivity disorder (ADHD) in children,Mental Health,The main features of ADHD include not paying attention and being hyperactive and impulsive; ADHD occurs more often in boys than in girls; There are three types of ADHD:; Predominately inattentive; Predominately hyperactive and impulsive; Combined,"During pregnancy,avoid anything that could harm your baby's development before birth. For example, don't drink alcohol, use drugs or smoke cigarettes; Protect your child from exposure to pollutants and toxins,including cigarette smoke and lead paint; Limit screen time.Although still not proved, it may be a good idea for young children to limit TV, video games and other screen time",Medium
Adult attention-deficit/hyperactivity disorder (ADHD),Mental Health,"Some people withADHDhave fewer symptoms as they age, but some adults continue to have major symptoms that interfere with daily functioning; Many adults withADHDaren't aware they have it — they just know that everyday tasks can be a challenge; AdultADHDsymptoms may include:; Impulsiveness; Disorganization and problems prioritizing; Poor time management skills; Problems focusing on a task; Trouble multitasking",,Low
Frozen shoulder,Infectious,"Frozen shoulder typically develops slowly in three stages; Freezing stage.Any movement of the shoulder causes pain, and the shoulder's ability to move becomes limited. This stage lasts from 2 to 9 months; Frozen stage.Pain might lessen during this stage. However, the shoulder becomes stiffer. Using it becomes more difficult. This stage lasts from 4 to 12 months; Thawing stage.The shoulder's ability to move begins to improve. This stage lasts from 5 to 24 months; For some people, the pain worsens at night, sometimes disrupting sleep","One of the most common causes of frozen shoulder is not moving a shoulder while recovering from a shoulder injury, broken arm or stroke",Medium
Childhood schizophrenia,Mental Health,"Schizophrenia involves a range of problems with thinking, behavior or emotions; In most people with schizophrenia, symptoms generally start in the mid- to late 20s, though it can start later, up to the mid-30s; Symptoms can vary in type and severity over time, with periods of worsening and remission of symptoms",Early identification and treatment may help get symptoms of childhood schizophrenia under control before serious complications develop,High
Benign adrenal tumors,Cardiovascular,"Symptoms depend on whether the tumor makes hormones, what hormone it makes and how much it makes; The most common type of benign adrenal tumor, called adenoma, comes from the adrenal cortex. This type of tumor might cause symptoms such as:; Weight gain; Easy bruising; High blood pressure, also called hypertension; Diabetes; Depressed mood; Tiredness",,High
Autoimmune encephalitis,Cancer,"Psychiatric symptoms that may include anxiety, panic attacks, changes in behavior, agitation, hallucinations, delusions and trouble organizing thoughts; Trouble with memory; Trouble with language, such as talking less or repeating words or phrases; Movements that are not voluntary; Seizures; Changes in consciousness; Less sleep at the beginning of the disease followed by excess sleep during recovery; Sometimes AE causes serious seizures that need emergency care, known as status epilepticus","Autoimmune encephalitis, also known as AE, can't always be prevented",High
Acute flaccid myelitis (AFM),Neurological,"Other possible signs and symptoms include:; Uncommon symptoms might include:; Severe symptoms involve respiratory failure, due to the muscles involved in breathing becoming weak","There's no specific way to prevent acute flaccid myelitis. However, preventing a viral infection can help reduce the risk of developing acute flaccid myelitis; Take these steps to help protect yourself or your child from getting or spreading a viral infection:",Medium
Dry macular degeneration,Eye,"Visual distortions, such as straight lines seeming bent; Reduced central vision in one or both eyes; The need for brighter light when reading or doing close-up work; Increased difficulty adapting to low light levels, such as when entering a dimly lit restaurant or theater; Increased blurriness of printed words; Difficulty recognizing faces; A well-defined blurry spot or blind spot in the field of vision; Dry macular degeneration can affect one or both eyes",Manage all medical conditions; Don't smoke; Maintain a healthy weight and exercise regularly; Choose a diet rich in fruits and vegetables.These foods contain antioxidant vitamins that reduce your risk of developing macular degeneration; Include fish in your diet,High
"Macular degeneration, wet",Eye,"Visual distortions, such as straight lines that seem to be bent; Reduced central vision in one or both eyes; The need for brighter light when reading or doing close-up work; Difficulty adjusting to low light levels, such as when entering a dimly lit restaurant or theater; Increased blurriness of printed words; Difficulty recognizing faces; A well-defined blurry spot or blind spot in the field of vision; Macular degeneration doesn't affect side vision, so it doesn't cause total blindness",Manage all other medical conditions; Don't smoke; Maintain a healthy weight and exercise regularly; Choose a diet rich in fruits and vegetables.These foods contain antioxidant vitamins that reduce your risk of developing macular degeneration; Include fish in your diet,High
Myelofibrosis,Cancer,"Feeling tired, weak or short of breath; Pain or fullness below the ribs on the left side; Easy bruising; Easy bleeding; Sweating a lot while sleeping, so that you wake feeling covered in sweat; Fever; Bone pain; Feeling full after eating a small amount of food",,High
Alcoholic hepatitis,Digestive,"The most common sign of alcoholic hepatitis is yellowing of the skin and whites of the eyes, called jaundice; Other symptoms include:; Loss of appetite; Nausea and vomiting; Belly tenderness; Fever, often low grade; Tiredness and weakness; People with alcoholic hepatitis tend to be malnourished","Drink alcohol in moderation, if at all; Protect yourself from hepatitis C; Check before mixing medicines and alcohol",High
Churg-Strauss syndrome,Respiratory,"Churg-Strauss syndrome varies greatly from person to person. Some people have only mild symptoms. Others have severe or life-threatening complications; Also known as EGPA, the syndrome tends to occur in three stages and gets progressively worse; Other signs and symptoms might include:",,High
Hay fever,Respiratory,"Runny nose and nasal stuffiness, called congestion; Watery, itchy, red eyes; Sneezing; Cough; Itchy nose, roof of mouth or throat; Mucus that runs down the back of the throat, called postnasal drip; Swollen, bruised-appearing skin under the eyes, known as allergic shiners; Extreme tiredness and fatigue, often due to poor sleep",There's no way to avoid getting hay fever,High
Dust mite allergy,Respiratory,"If your dust mite allergy contributes to asthma, you may also experience:; A dust mite allergy can range from mild to severe",,High
Food allergy,Infectious,"For some people, an allergic reaction to a particular food may be uncomfortable but not severe; The most common food allergy symptoms include:; Tingling or itching in the mouth; Hives, itching or eczema; Swelling of the lips, face, tongue, and throat or other parts of the body; Belly pain, diarrhea, nausea or vomiting; Wheezing, nasal congestion or trouble breathing; Dizziness, lightheadedness or fainting",,High
Latex allergy,Infectious,"If you're allergic to latex, you're likely to have symptoms after touching latex rubber products, such as gloves or balloons; Latex allergy symptoms range from mild to serious",,High
Milk allergy,Infectious,"Milk allergy symptoms, which differ from person to person, occur a few minutes to a few hours after you or your child drinks milk or eats milk products; Immediate signs and symptoms of milk allergy might include:; Signs and symptoms that may take more time to develop include:","There's no sure way to prevent a food allergy, but you can prevent reactions by avoiding the food that causes them; Read food labels carefully",High
Mold allergy,Respiratory,Mold allergy symptoms vary from person to person and range from mild to severe,,High
Nickel allergy,Skin,An allergic reaction (contact dermatitis) usually begins within hours to days after exposure to nickel; Nickel allergy signs and symptoms include:,"The best strategy to prevent a nickel allergy from developing is to avoid prolonged exposure to items containing nickel; However, it's not always easy to avoid nickel because it's present in so many products. Home test kits are available to check for nickel in metal items; The following tips may help you avoid nickel exposure:",Low
Peanut allergy,Infectious,"Skin reactions, such as hives, redness or swelling; Itching or tingling in or around the mouth and throat; Digestive problems, such as diarrhea, stomach cramps, nausea or vomiting; Tightening of the throat; Shortness of breath or wheezing; Runny nose",Studies have shown a strong link between early peanut exposure and lower food allergy risk,High
Penicillin allergy,Infectious,"Signs and symptoms of penicillin allergy often occur within an hour after taking the drug. Less commonly, reactions can occur hours, days or weeks later; Penicillin allergy signs and symptoms may include:",,High
Pet allergy,Respiratory,"If your pet allergy contributes to asthma, you may also experience:","If you don't have a pet but are considering adopting or buying one, make sure you don't have pet allergies before making the commitment",High
Shellfish allergy,Infectious,"Hives; Itchy, irritated skin; Nasal stuffiness (congestion); Swelling of the lips, face, tongue and throat, or other parts of the body; Wheezing or trouble breathing; Coughing and choking or a tight feeling in the throat; Belly (abdominal) pain, diarrhea, nausea or vomiting; Dizziness, lightheadedness or fainting","If you have shellfish allergy, the only way to avoid an allergic reaction is to avoid all shellfish and products that contain shellfish",High
Hair loss,Infectious,"Hair loss can appear in many different ways, depending on what's causing it. It can come on suddenly or gradually and affect just your scalp or your whole body; Signs and symptoms of hair loss may include:; Gradual thinning on top of head; Circular or patchy bald spots; Sudden loosening of hair; Full-body hair loss; Patches of scaling that spread over the scalp.This is a sign of ringworm. It may be accompanied by broken hair, redness, swelling and, at times, oozing","Most baldness is caused by genetics (male-pattern baldness and female-pattern baldness). This type of hair loss is not preventable; These tips may help you avoid preventable types of hair loss:; Be gentle with your hair; Ask your doctor about medications and supplements you take that might cause hair loss; Protect your hair from sunlight and other sources of ultraviolet light; Stop smoking. Some studies show an association between smoking and baldness in men; If you're being treated with chemotherapy, ask your doctor about a cooling cap. This cap can reduce your risk of losing hair during chemotherapy",Low
Amyotrophic lateral sclerosis (ALS),Neurological,"Trouble walking or doing usual daily activities; Tripping and falling; Weakness in the legs, feet or ankles; Hand weakness or clumsiness; Slurred speech or trouble swallowing; Weakness associated with muscle cramps and twitching in the arms, shoulders and tongue; Untimely crying, laughing or yawning; Thinking or behavioral changes",,High
Dry socket,Neurological,"Severe pain within a few days after removing a tooth; Loss of part or all of the blood clot at the tooth removal site. The socket may look empty; Bone that you can see in the socket; Pain that spreads from the socket to your ear, eye, temple or neck on the same side of your face as the tooth removal; Bad breath or a foul odor coming from your mouth; Bad taste in your mouth",,Medium
Atypical genitalia,Endocrine,"Your medical team will likely be the first to notice atypical genitalia soon after your baby is born; Babies who are genetically female, which means they have two X chromosomes, may have:; An enlarged clitoris, which may look like a penis; Closed labia, or labia that include folds and look like a scrotum; Lumps that feel like testicles in the fused labia; Babies who are genetically male, which means they have one X and one Y chromosome, may have:; A condition in which the narrow tube that carries urine and semen, called the urethra, doesn't fully extend to the tip of the penis; A very small penis with the urethral opening closer to the scrotum",,High
Lazy eye (amblyopia),Eye,Sometimes lazy eye is not evident without an eye exam,,Medium
Chagas disease,Cardiovascular,"Chagas disease can cause a sudden, brief illness",,Medium
Transient global amnesia,Cardiovascular,"The main symptom of transient global amnesia is being unable to create new memories and remember the recent past; You must have these signs and symptoms to be diagnosed with transient global amnesia:; More symptoms and history that may help diagnose transient global amnesia:; Another common sign of transient global amnesia due to the inability to create new memories includes repetitive questioning, usually of the same question — for example, ""What am I doing here?"" or ""How did we get here?""","Because the cause of transient global amnesia is unknown and the rate of recurrence is low, there's no real way to prevent the condition",High
Amnesia,Neurological,"Trouble learning new information; Trouble remembering past events and previously familiar information; Most people with amnesia have problems with short-term memory, so they can't retain new information; For example, people may recall experiences from childhood or know the names of past presidents; Isolated memory loss doesn't affect a person's intelligence, general knowledge, awareness or attention span; Amnesia isn't the same as dementia; Memory loss also is a common symptom of mild cognitive impairment",Don't drink large amounts of alcohol; Wear a helmet when bicycling and a seat belt when driving; Treat infections quickly so that they don't have a chance to spread to the brain; Get immediate medical treatment if you have symptoms that suggest a stroke or brain aneurysm,High
Amyloidosis,Cardiovascular,"You may not experience symptoms of amyloidosis until later in the course of the disease. Symptoms may vary, depending on which organs are affected; Signs and symptoms of amyloidosis may include:; Severe fatigue and weakness; Shortness of breath; Numbness, tingling, or pain in the hands or feet; Swelling of the ankles and legs; Diarrhea, possibly with blood, or constipation; An enlarged tongue, which sometimes looks rippled around its edge",,High
Aplastic anemia,Infectious,"Aplastic anemia can be short-lived, or it can become chronic. It can be serious and even fatal",There's no known prevention for most cases of aplastic anemia,High
Thalassemia,Blood,There are different types of thalassemia. The symptoms that you have depend on the type and how serious it is; Symptoms of severe thalassemia can include:; Some babies show symptoms of thalassemia at birth. Others get symptoms during the first two years of life. But some people with thalassemia don't have symptoms,"Most of the time, you can't prevent thalassemia; Some people with thalassemia major think about getting pregnant with assisted reproductive technology; Another procedure that might lead to pregnancy is called intrauterine insemination",High
Iron deficiency anemia,Blood,"Initially, iron deficiency anemia can be so mild that it goes unnoticed; Iron deficiency anemia signs and symptoms may include:",You can reduce your risk of iron deficiency anemia by choosing iron-rich foods,High
Sickle cell anemia,Infectious,"Episodes of pain; The pain varies in intensity and can last for a few hours to a few days; Some people with sickle cell anemia also have chronic pain from bone and joint damage, ulcers, and other causes","If you carry the sickle cell trait, it can help to see a genetic counselor before you get pregnant",High
Abdominal aortic aneurysm,Cardiovascular,"Abdominal aortic aneurysms often grow slowly; If you have an abdominal aortic aneurysm that's getting bigger, symptoms might include:; Deep, constant pain in the belly area or side of the belly; Back pain; A throbbing or pulsing feeling near the belly button",Don't smoke or use tobacco products; Eat a healthy diet; Keep your blood pressure and cholesterol under control.Take medicines as directed; Get regular exercise and stay active,High
Brain aneurysm,Cardiovascular,"Most brain aneurysms that haven't ruptured don't cause symptoms, especially if they're small; If an aneurysm ruptures, this is a very serious condition, typically causing a severe headache","In many cases, brain aneurysms can't be prevented",High
Popliteal artery aneurysm,Cardiovascular,Knee pain; Lower leg pain; Swelling behind the knee; Pulsing feeling behind the knee,Smoking and high blood pressure increase the risk of blood vessel problems that can lead to popliteal artery and other aneurysms; Try these heart-healthy tips:; Do not smoke; Eat a nutritious diet; Get regular exercise,High
Thoracic aortic aneurysm,Cardiovascular,"Thoracic aortic aneurysms often grow slowly; As a thoracic aortic aneurysm grows, symptoms may include:; Back pain; Cough; Weak, scratchy voice; Shortness of breath; Tenderness or pain in the chest; Symptoms that a thoracic aortic aneurysm has ruptured or caused a tear called an aortic dissection include:","To prevent an aneurysm, keep the blood vessels as healthy as possible. Try these healthy lifestyle tips; Don't smoke or use tobacco; Control blood pressure and cholesterol levels; Keep a healthy weight and stay active; Eat nutritious foods",High
Vasculitis,Cardiovascular,"Fever; Headache; Tiredness; Weight loss; Aches and pains; Other symptoms depend on the parts of the body affected:; Digestive system; Ears.Dizziness, ringing in the ears and sudden hearing loss may happen",,Medium
Angina,Cardiovascular,"Burning; Fullness; Pressure; Squeezing; Pain also may be felt in the arms, neck, jaw, shoulder or back; Other symptoms of angina include:; Dizziness; Fatigue",Avoid or limit alcohol; Don't smoke; Eat a healthy diet; Exercise regularly; Maintain a healthy weight; Manage other health conditions related to heart disease; Reduce stress; Get 7 to 9 hours of sleep a day,High
Castleman disease,Neurological,Many people with unicentric Castleman disease don't notice any signs or symptoms; Some people with unicentric Castleman disease might have signs and symptoms that are more often seen in multicentric Castleman disease. These may include:,,High
Sprained ankle,Musculoskeletal,"Pain, especially when you bear weight on the affected foot; Tenderness when you touch the ankle; Swelling; Bruising; Restricted range of motion; Instability in the ankle; Popping sensation or sound at the time of injury","Warm up before you exercise or play sports; Be careful when walking, running or working on an uneven surface; Use an ankle support brace or tape on a weak or previously injured ankle; Wear shoes that fit well and are made for your activity; Minimize wearing high-heeled shoes; Don't play sports or participate in activities for which you are not conditioned; Maintain good muscle strength and flexibility; Practice stability training, including balance exercises",High
Tongue-tie (ankyloglossia),Infectious,Difficulty lifting the tongue to the upper teeth or moving the tongue from side to side; Trouble sticking out the tongue past the lower front teeth; A tongue that appears notched or heart shaped when stuck out,,Low
Anorexia nervosa,Cardiovascular,The physical and behavioral symptoms of anorexia nervosa relate to how starvation affects the brain,"There's no guaranteed way to prevent anorexia nervosa; If you notice that people have dieting habits that seem too rigid, or they're unhappy with their appearance, think about talking to them about these issues; Examples of organizations that offer support for caregivers, friends and family members of people with eating disorders include the National Eating Disorders Association (NEDA) and Families Empowered and Supporting Treatment for Eating Disorders (F",High
ACL injury,Musculoskeletal,"A loud pop or a ""popping"" sensation in the knee; Severe pain and inability to continue activity; Rapid swelling; Loss of range of motion; A feeling of instability or ""giving way"" with weight bearing","Proper training and exercise can help reduce the risk ofACLinjury; Programs to reduceACLinjury include:; Exercises to strengthen the core — including the hips, pelvis and lower abdomen — with a goal of training athletes to avoid moving the knee inward during a squat; Exercises that strengthen leg muscles, particularly hamstring exercises, to ensure an overall balance in leg muscle strength; Training and exercise emphasizing proper technique and knee position when jumping and landing from jumps; Training to improve technique when performing pivoting and cutting movements; Training to strengthen muscles of the legs, hips and core — as well as training to improve jumping and landing techniques and to prevent inward movement of the knee — may help to reduce the higherACLinjury risk in female athletes",Medium
Anterior vaginal prolapse (cystocele),Respiratory,"A feeling of fullness or pressure in the pelvis and vagina; A bulge of tissue in the vagina that you can see or feel; More pelvic pressure when you strain, cough, bear down or lift objects; Problems urinating; You may notice symptoms more after standing for long periods. Symptoms may go away when you lie down",,Medium
Pseudomembranous colitis,Digestive,"Symptoms of pseudomembranous colitis can begin as soon as 1 to 2 days after you start taking an antibiotic, or as long as several months or longer after you finish taking the antibiotic",To help prevent the spread of Clostridioides difficile (C; Preventive measures include:,High
Generalized anxiety disorder,Mental Health,"Persistent worrying or anxiety about a number of areas that are out of proportion to the impact of the events; Overthinking plans and solutions to all possible worst-case outcomes; Perceiving situations and events as threatening, even when they aren't; Difficulty handling uncertainty; Indecisiveness and fear of making the wrong decision; Inability to set aside or let go of a worry; Inability to relax, feeling restless, and feeling keyed up or on edge; Difficulty concentrating, or the feeling that your mind ""goes blank""","Get help early.Anxiety, like many other mental health conditions, can be harder to treat if you wait; Keep a journal; Prioritize issues in your life.You can reduce anxiety by carefully managing your time and energy; Avoid unhealthy substance use",Medium
Social anxiety disorder (social phobia),Mental Health,"Feelings of shyness or discomfort in certain situations aren't necessarily signs of social anxiety disorder, particularly in children; In contrast to everyday nervousness, social anxiety disorder includes fear, anxiety and avoidance that interfere with relationships, daily routines, work, school or other activities; Signs and symptoms of social anxiety disorder can include constant:; Fear of situations in which you may be judged negatively; Worry about embarrassing or humiliating yourself; Intense fear of interacting or talking with strangers; Fear that others will notice that you look anxious; Fear of physical symptoms that may cause you embarrassment, such as blushing, sweating, trembling or having a shaky voice","Get help early.Anxiety, like many other mental health conditions, can be harder to treat if you wait; Keep a journal; Set priorities in your life.You can reduce anxiety by carefully managing your time and energy. Make sure that you spend time doing things you enjoy; Avoid unhealthy substance use",High
Coarctation of the aorta,Cardiovascular,"Symptoms of coarctation of the aorta depend on how much of the aorta is narrowed. Most people don't have symptoms; Adults and older children with mild coarctation of the aorta may not have symptoms and their hearts may seem healthy; If a baby is born with an extreme narrowing of the aorta, symptoms may be noticed shortly after birth. Symptoms of coarctation of the aorta in infants include:; Difficulty breathing; Difficulty feeding; Heavy sweating; Irritability; Changes in skin color",There's no known way to prevent coarctation of the aorta. Tell your healthcare team if you have a family history of heart conditions present at birth,High
Aortic valve regurgitation,Cardiovascular,"Most often, aortic valve regurgitation develops over time; As aortic valve regurgitation becomes worse, symptoms may include:; Shortness of breath with exercise or when lying down; Tiredness and weakness, especially when being more active than usual; Irregular heartbeat; Lightheadedness or fainting; Pain, discomfort or tightness in the chest, which often gets worse during exercise; Sensations of a rapid, fluttering heartbeat, called palpitations","If you have any type of heart disease, get regular health checkups; If you have a parent, child or sibling with a bicuspid aortic valve, you should have an imaging test called an echocardiogram; Also, take steps to prevent conditions that can raise the risk of aortic valve regurgitation. For example:; Get a health checkup if you have a severe sore throat; Check your blood pressure regularly.Have your blood pressure checked at least every two years starting at age 18. Some people need more-frequent checks",High
Auditory processing disorder,Neurological,Telling where sound is coming from; Understanding words that are spoken quickly or in a noisy room; Paying attention; Reading and spelling; Following directions unless they are short and simple; Learning a new language; Singing or enjoying music; Understanding and remembering spoken information,,Medium
Primary progressive aphasia,Neurological,Primary progressive aphasia symptoms vary based on which part of the brain's language areas are involved,Get quality sleep; Reduce stress; Open connections; Work out; Try new things; Healthy eating,High
Canker sore,Respiratory,"Most canker sores are round or oval with a white or yellow center and a red border; There are several types of canker sores, including minor, major and herpetiform sores","Watch what you eat; Choose healthy foods.To help prevent nutritional deficiencies, eat plenty of fruits, vegetables and whole grains; Follow good oral hygiene habits; Protect your mouth.If you have braces or other dental appliances, ask your dentist about orthodontic waxes to cover sharp edges; Reduce your stress.If your canker sores seem to be related to stress, learn and use stress-reduction techniques, such as meditation and guided imagery",Low
Broken heart syndrome,Cardiovascular,Chest pain; Shortness of breath,"To prevent another episode of broken heart syndrome, many healthcare professionals recommend long-term treatment with beta blockers or similar medicines; Having chronic stress may increase the risk of broken heart syndrome; Get more exercise; Practice mindfulness; Connect with others in support groups",High
Antiphospholipid syndrome,Cardiovascular,Less common signs and symptoms include:,,High
Viral hemorrhagic fevers,Infectious,"Fever; Tiredness, weakness or feeling unwell; Muscle, bone or joint aches; Nausea and vomiting; Diarrhea",It can be hard to prevent viral hemorrhagic fevers,High
Broken arm,Musculoskeletal,"Severe pain, which might increase with movement; Swelling; Bruising; Deformity, such as a bent arm or wrist; Inability to turn your arm from palm up to palm down or vice versa","Although it's impossible to prevent an accident, these tips might offer some protection against bone breakage; Eat for bone strength; Exercise for bone strength; Prevent falls; Use protective gear.Wear wrist guards for high-risk activities, such as in-line skating, snowboarding, rugby and football; Don't smoke.Smoking can increase your risk of a broken arm by reducing bone mass. It also hampers healing of fractures",High
Chiari malformation,Neurological,"Many people with Chiari malformation have no symptoms and don't need treatment; The more common types of Chiari malformation are:; Type 1; Type 2; These types are less serious than the rarer pediatric form, type 3. But symptoms still can disrupt life",,Medium
Heart arrhythmia,Cardiovascular,"A heart arrhythmia may not cause any symptoms. The irregular heartbeat may be noticed during a health checkup for another reason; Symptoms of an arrhythmia may include:; A fluttering, pounding or racing feeling in the chest; A fast heartbeat; A slow heartbeat; Chest pain; Shortness of breath; Other symptoms may include:","Don't smoke; Eat a diet that's low in salt and saturated fat; Exercise at least 30 minutes a day on most days of the week; Maintain a healthy weight; Reduce and manage stress; Control high blood pressure, high cholesterol and diabetes; Get good sleep. Adults should aim for 7 to 9 hours daily; Limit or avoid caffeine and alcohol",High
Giant cell arteritis,Cardiovascular,"The most common symptoms of giant cell arteritis are head pain and tenderness — often severe — that usually affects both temples; Generally, signs and symptoms of giant cell arteritis include:; Persistent, severe head pain, usually in your temple area; Scalp tenderness; Jaw pain when you chew or open your mouth wide; Fever; Fatigue; Unintended weight loss",,High
Takayasu's arteritis,Cardiovascular,The signs and symptoms of Takayasu's arteritis often occur in two stages,,High
Thumb arthritis,Musculoskeletal,"Pain is the first and most common symptom of thumb arthritis; Other signs and symptoms might include:; Swelling, stiffness and tenderness at the base of your thumb; Decreased strength when pinching or grasping objects; Decreased range of motion; Enlarged or bony appearance of the joint at the base of your thumb",,High
Gout,Musculoskeletal,"Intense joint pain; Lingering discomfort; Inflammation and redness.The affected joint or joints become swollen, tender, warm and red; Limited range of motion.As gout progresses, you may not be able to move your joints normally",,High
Septic arthritis,Digestive,"Septic arthritis typically causes extreme discomfort and difficulty using the affected joint; If septic arthritis occurs in an artificial joint (prosthetic joint infection), signs and symptoms such as minor pain and swelling may develop months or years after knee replacement or hip replacement surgery",,High
Juvenile idiopathic arthritis,Infectious,"Pain.While your child might not complain of joint pain, you may notice that he or she limps — especially first thing in the morning or after a nap; Swelling.Joint swelling is common but is often first noticed in larger joints such as the knee; Stiffness.You might notice that your child appears clumsier than usual, particularly in the morning or after naps; Fever, swollen lymph nodes and rash.In some cases, high fever, swollen lymph nodes or a rash on the trunk may occur — which is usually worse in the evenings; Juvenile idiopathic arthritis can affect one joint or many; Like other forms of arthritis, juvenile idiopathic arthritis is characterized by times when symptoms flare up and times when symptoms may be minimal",,High
Psoriatic arthritis,Infectious,"Both psoriatic arthritis and psoriasis are chronic diseases that worsen over time; Psoriatic arthritis can affect joints on one or both sides of your body; However, psoriatic arthritis is more likely to also cause:",,High
Rheumatoid arthritis,Cardiovascular,"Painful, warm, swollen joints; Joint stiffness that most often is worse in the mornings and after periods of rest. It can last for 45 minutes or longer; Tiredness, fever and not wanting to eat; Rheumatoid arthritis may affect just a few joints at first. Most often, these are the small joints of the hands and the feet; As the disease gets worse, symptoms may spread to more joints; Many people who have rheumatoid arthritis also have symptoms that affect more than the joints. Areas that may be affected include:; Skin; Eyes",,High
Atrial septal defect (ASD),Cardiovascular,"A baby born with an atrial septal defect (ASD) may not have symptoms. Symptoms may begin in adulthood; Atrial septal defect symptoms may include:; Shortness of breath, especially when exercising; Tiredness, especially with activity; Swelling of the legs, feet or belly area; Irregular heartbeats, also called arrhythmias; Skipped heartbeats or feelings of a quick, pounding or fluttering heartbeat, called palpitations","Because the cause of atrial septal defect (ASD) is not clear, prevention may not be possible; During this visit:; Talk about current health conditions and medicines; Review your family medical history; Ask about getting tested to see if you've had German measles, also called rubella",High
Autism spectrum disorder,Neurological,"Some children show signs of autism spectrum disorder in early infancy, such as less eye contact, not responding to their names or not being interested in caregivers; Some people in the mild range on the autism spectrum may have more symptoms that aren't noticed early on; Each child with autism spectrum disorder is likely to have a unique pattern of behavior that depends on whether symptoms are mild, moderate or severe; Some children with autism spectrum disorder have trouble learning, and some have signs of lower than usual intelligence; Because each child can have a unique mix of symptoms, sometimes it can be hard to tell how severe the condition is; Below are some common signs shown by people who have autism spectrum disorder","There's no known way to prevent autism spectrum disorder; Getting diagnosed and treated early is most helpful in improving behavior, skills and language development",Low
Avascular necrosis (osteonecrosis),Cardiovascular,"Some people have no symptoms in the early stages of avascular necrosis; Pain can be mild or severe; Some people develop avascular necrosis on both sides, such as in both hips or in both knees",,High
Childhood asthma,Respiratory,Childhood asthma also might cause:; Asthma symptoms vary from child to child and might get worse or better over time; It can be difficult to tell whether your child's symptoms are caused by asthma,Careful planning and avoiding asthma triggers are the best ways to prevent asthma attacks; See your child's health care provider when necessary; Asthma changes over time. Consulting your child's provider can help you make needed treatment adjustments to control symptoms,High
Occupational asthma,Respiratory,Wheezing; Coughing; Shortness of breath; Chest tightness; Other possible symptoms may include:; Runny nose; Stuffy nose; Itchy or watery eyes,"The best way to prevent occupational asthma is to control exposure to chemicals and other substances that are known to be irritating; Medicines may help relieve symptoms and control inflammation linked to occupational asthma; If you smoke, quit.Being smoke-free may help prevent or lessen symptoms of occupational asthma; Get a flu vaccination.This can help prevent illness that affects the lungs; Avoid nonsteroidal anti-inflammatory drugs (NSAIDs)and other medicines that may make symptoms worse; Lose weight.For people with obesity, losing weight can help improve symptoms and overall lung health; If you are in the United States and you have a high-risk job, your company must follow rules to help protect you from harmful chemicals; Tell youif you'll be working with any harmful chemicals",High
Atrial tachycardia,Cardiovascular,"The main symptom of atrial tachycardia is a very fast heartbeat; Other symptoms of atrial tachycardia may include:; Pounding or fluttering feelings in the chest or neck, called palpitations; Chest pain; Fainting or almost fainting; Lightheadedness or dizziness; Shortness of breath; Sweating",,High
Arteriosclerosis / atherosclerosis,Cardiovascular,"Mild atherosclerosis usually doesn't cause symptoms; Atherosclerosis symptoms usually don't happen until an artery is so narrowed or clogged that it can't send enough blood to organs and tissues; Symptoms of moderate to severe atherosclerosis depend on which arteries are affected. For example, if you have atherosclerosis:; In your heart arteries,you may have chest pain or pressure, called angina; In the arteries leading to your brain,you may have sudden numbness or weakness in your arms or legs, trouble speaking, slurred speech, sudden or temporary loss of vision in one eye, or drooping muscles in your face; In the arteries in your arms and legs,you may have leg pain when walking, called claudication; In the arteries leading to your kidneys,you may get high blood pressure or kidney failure","Do not smoke or use tobacco; Eat nutritious foods; Get regular exercise and keep an active lifestyle; Keep a healthy weight; Control blood pressure, blood sugar and cholesterol",High
Atrioventricular canal defect,Cardiovascular,Atrioventricular canal defect can involve only the two upper chambers of the heart or all four chambers,"There is no known prevention for atrioventricular canal defect; Some heart problems are passed down in families, which means they are inherited",Medium
Reactive attachment disorder,Musculoskeletal,Reactive attachment disorder usually starts in infancy; Signs and symptoms may include:,"While it's not known with certainty if reactive attachment disorder can be prevented, there may be ways to reduce the risk of its development",Medium
Bird flu (avian influenza),Respiratory,"Bird flu symptoms can be mild to serious in a person; Flu viruses have similar symptoms. So you need to be tested to check if you have a bird flu infection; Common bird flu symptoms include:; Fever; Problems breathing; Pink eye, also called conjunctivitis; Upset stomach and vomiting; Loose stool, called diarrhea","To prevent bird flu, follow all recommended actions to protect yourself if you work with animals as a job; If you are traveling to a place where bird flu is spreading, avoid poultry farms and bird markets if possible; And make sure to get your seasonal flu vaccine every year; If a bird flu virus leads to a human pandemic, public health agencies have plans for vaccine development and administration; People can take actions to further lower the risk of getting bird flu in many ways; Avoid contact with animals who are sick or may be sick.Wild or domestic, keep birds at a distance to avoid any germs they may carry; Wear eye, nose and mouth protective gear when needed; Wash your hands with soap and water.This is especially important after touching animals or surfaces that may be dirty with animal mucus, saliva or stool",High
Atrioventricular nodal reentry tachycardia (AVNRT),Cardiovascular,"A very fast heartbeat is the most common symptom of atrioventricular nodal reentry tachycardia (AVNRT); AVNRT does not always cause symptoms. When symptoms do show up, they may include:; A pounding feeling in the neck; Pounding or fluttering heartbeat, called palpitations; Chest pressure, tightness or pain; Dizziness or lightheadedness; Shortness of breath; Sweating",,High
Mitral valve prolapse,Cardiovascular,Signs and symptoms of mitral valve prolapse are due to the amount of blood leaking backward through the valve; Mitral valve prolapse symptoms can vary widely from one person to another; Symptoms of mitral valve prolapse may include:,,High
Airplane ear,Ear/Nose/Throat,Symptoms of severe airplane ear might include:,,High
Body dysmorphic disorder,Mental Health,"Being extremely preoccupied with a perceived flaw in appearance that to others can't be seen or appears minor; Strong belief that you have a defect in your appearance that makes you ugly or deformed; Belief that others take special notice of your appearance in a negative way or mock you; Engaging in behaviors aimed at fixing or hiding the perceived flaw that are difficult to resist or control, such as frequently checking the mirror, grooming or skin picking; Attempting to hide perceived flaws with styling, makeup or clothes; Constantly comparing your appearance with others; Frequently seeking reassurance about your appearance from others; Having perfectionist tendencies",There's no known way to prevent body dysmorphic disorder; Long-term maintenance treatment also may help prevent a relapse of body dysmorphic disorder symptoms,High
Behcet disease,Skin,"Behcet disease symptoms vary from person to person; Behcet disease most often affects the following:; Mouth; Skin.Some people get sores that look like acne on their bodies. Others get raised and tender growths called nodules on their skin, mainly on the lower legs; Genitals.Open sores can happen on the scrotum or the vulva. The sores are most often painful and can leave scars; Eyes; Joints; Blood vessels",,Medium
Geographic tongue,Cancer,"Smooth, red, irregularly shaped patches on the top or side of your tongue. These patches may look like sores; Frequent changes in the location, size and shape of the patches; Pain or burning feeling in some cases, most often related to eating spicy or acidic foods; Many people with geographic tongue have no symptoms; Geographic tongue can continue for days, months or years. The problem often goes away on its own, but it may appear again later",,High
Benign paroxysmal positional vertigo (BPPV),Ear/Nose/Throat,"Dizziness; A sense that you or your surroundings are spinning or moving (vertigo); A loss of balance or unsteadiness; Nausea; Vomiting; The signs and symptoms ofBPPVcan come and go and commonly last less than one minute. Episodes ofBPPVcan disappear for some time and then recur; Activities that bring about the signs and symptoms ofBPPVcan vary from person to person, but are almost always brought on by a change in head position; Abnormal rhythmic eye movements usually accompany the symptoms of benign paroxysmal positional vertigo",,High
IgA nephropathy (Berger disease),Cardiovascular,"IgAnephropathy often doesn't cause symptoms early on; WhenIgAnephropathy causes symptoms, they might include:; Cola- or tea-colored urine caused by blood. You might notice these color changes after a cold, sore throat or respiratory infection; Blood that can be seen in the urine; Foamy urine from protein leaking into the urine. This is called proteinuria; Pain on one or both sides of the back below the ribs; Swelling in the hands and feet called edema; High blood pressure",You can't preventIgAnephropathy,High
Cholangiocarcinoma (bile duct cancer),Cancer,"Yellowing of your skin and the whites of your eyes (jaundice); Intensely itchy skin; White-colored stools; Fatigue; Abdominal pain on the right side, just below the ribs; Losing weight without trying; Fever; Night sweats",Stop smoking; Reduce your risk of liver disease,High
Alcohol poisoning,Cardiovascular,"Confusion; Vomiting; Seizures; Slow breathing, which is fewer than eight breaths a minute; Breathing that's not regular. This is when there is a gap of more than 10 seconds between breaths; Skin that looks blue, gray or pale; Low body temperature, also known as hypothermia; Trouble staying conscious or awake","Drink alcohol in moderation, if at all; Don't drink alcohol along with certain medicines; Don't drink on an empty stomach; Communicate with your teens; Store products safely; Get follow-up care",High
Acne,Skin,"Whiteheads (closed plugged pores); Blackheads (open plugged pores); Small red, tender bumps (papules); Pimples (pustules), which are papules with pus at their tips; Large, solid, painful lumps under the skin (nodules); Painful, pus-filled lumps under the skin (cystic lesions); Acne usually appears on the face, forehead, chest, upper back and shoulders",,High
Urinary incontinence,Respiratory,"Many people experience occasional, minor leaks of urine. Others may lose small to moderate amounts of urine more frequently; Types of urinary incontinence include:; Stress incontinence.Urine leaks when you exert pressure on your bladder by coughing, sneezing, laughing, exercising or lifting something heavy; Urge incontinence; Overflow incontinence.You experience frequent or constant dribbling of urine due to a bladder that doesn't empty completely; Functional incontinence; Mixed incontinence","Maintain a healthy weight; Practice pelvic floor exercises; Avoid bladder irritants, such as caffeine, alcohol and acidic foods; Eat more fiber, which can prevent constipation, a cause of urinary incontinence; Don't smoke, or seek help to quit if you're a smoker",Medium
Cystitis,Infectious,"A strong, persistent urge to urinate; Pain or a burning feeling when urinating; Passing frequent, small amounts of urine; Blood in the urine (hematuria); Passing cloudy or strong-smelling urine; Pelvic discomfort; A feeling of pressure in the area below your belly button (abdomen); Low-grade fever","Drink plenty of liquids, especially water; Urinate frequently.If you feel the urge to urinate, don't delay using the toilet; Wipe from front to back after a bowel movement.This prevents bacteria in the anal region from spreading to the vagina and urethra; Take showers rather than tub baths.If you're prone to infections, showering rather than taking a bath may help prevent them; Gently wash the skin around the genitals.Do this daily, but don't use harsh soaps or wash too vigorously. The delicate skin in this area can become irritated; Empty your bladder as soon as possible after sex.Drink a full glass of water to help flush bacteria; Avoid using deodorant sprays or hygiene products in the genital area.These products can irritate the urethra and bladder",High
Interstitial cystitis,Neurological,"The signs and symptoms of interstitial cystitis vary from person to person; Interstitial cystitis signs and symptoms include:; Symptoms severity is different for everyone, and some people may experience symptom-free periods; Although signs and symptoms of interstitial cystitis may resemble those of a chronic urinary tract infection, there's usually no infection",,High
Ureteral obstruction,Infectious,Ureteral obstruction might have no signs or symptoms; Signs and symptoms might include:; Pain; Changes in how much urine you produce (urine output); Difficulty urinating; Blood in the urine; Urinary tract infections; High blood pressure (hypertension),,High
Burning mouth syndrome,Other,"A burning or scalding feeling that most commonly affects your tongue, but also may affect your lips, gums, roof of your mouth, throat or whole mouth; A feeling of dry mouth with increased thirst; Taste changes in your mouth, such as a bitter or metallic taste; Loss of taste; Tingling, stinging or numbness in your mouth; The discomfort from burning mouth syndrome can have several different patterns. It may:; Happen every day, with little discomfort when waking up, but become worse as the day goes on; Start as soon as you wake up and last all day",There's no known way to prevent burning mouth syndrome,High
Sweating and body odor,Other,"Sweating and body odor most often affect the underarm and groin areas, the palms, the bottom of the feet, and the head, face and scalp",,Low
Osteomyelitis,Digestive,"Swelling, warmth and tenderness over the area of the infection; Pain near the infection; Tiredness; Fever; Sometimes osteomyelitis causes no symptoms","If you have an increased risk of infection, talk with your healthcare professional about ways to prevent infections; Take care not to get cuts, scrapes, and animal scratches or bites",High
Fecal incontinence,Neurological,The main symptom is not being able to control passing stool; There are two types of fecal incontinence:; Urge incontinenceis the sudden urge to pass stool but not being able to control the urge; Passive incontinenceis passing stool when a person isn't aware of the need to pass stool. A person may not be able to feel that the rectum is full of stool; Fecal incontinence also may be leakage of stool when a person passes gas,"Reduce constipation.Increase your exercise, eat more high-fiber foods and drink plenty of fluids; Control diarrhea.Avoid food or drinks that may make diarrhea worse, such as caffeinated drinks, alcohol, dairy products and fatty foods; Do not strain.Straining during bowel movements can eventually weaken anal sphincter muscles or damage nerves",Medium
Benign prostatic hyperplasia (BPH),Kidney/Urinary,"Frequent or urgent need to pee, also called urination; Peeing more often at night; Trouble starting to pee; Weak urine stream, or a stream that stops and starts; Dribbling at the end of urination; Not being able to fully empty the bladder; Less common symptoms include:; Urinary tract infection",,High
Sick sinus syndrome,Cardiovascular,Most people with sick sinus syndrome have few or no symptoms. Symptoms may be mild or come and go — making them difficult to recognize at first; Signs and symptoms of sick sinus syndrome may include:,,High
Brain AVM (arteriovenous malformation),Cardiovascular,"A brain arteriovenous malformation (AVM) may not cause any symptoms until the AVM bursts and bleeds, known as a hemorrhage; But some people with brain AVMs may experience symptoms other than bleeding, such as:; Seizures; Headaches or pain in one area of the head; Muscle weakness or numbness in one part of the body; Some people may experience more-serious symptoms depending on the location of the AVM, including:; A very bad headache; Weakness, numbness or paralysis",,High
Pediatric brain tumors,Cancer,"Pediatric brain tumor symptoms may vary depending on the tumor's location within the brain; Some of the more common signs and symptoms of pediatric brain tumors include:; Headaches, which may become more frequent and more severe. In children who don't talk, a parent might notice that the child is more irritable than usual; Nausea and vomiting; Vision changes, such as double vision. In children who don't talk, a parent might notice that a child squints or covers one eye when trying to look at something; Other possible signs and symptoms include:; A fuller soft spot on the skull in babies; Changes in the way the eyes move","There's no way to prevent pediatric brain tumors. If your child develops a brain tumor, you didn't do anything to cause it",High
Inflammatory breast cancer,Cancer,"Fast change in the appearance of one breast, over the course of several weeks; Thickness, heaviness or swelling of one breast; Changes in skin color, giving the breast a red, purple, pink or bruised appearance; Unusual warmth of the affected breast; Dimpling or ridges on the skin of the affected breast, similar to an orange peel; Tenderness, pain or aching; Enlarged lymph nodes under the arm, above the collarbone or below the collarbone; Flattened nipple or nipple that turns inward on the affected breast",,High
Male breast cancer,Cancer,"A painless lump or thickening of the skin on the chest; Changes to the skin covering the chest, such as dimpling, puckering, scaling or changes in the color of the skin; Changes to the nipple, such as changes in the skin color or scaling, or a nipple that begins to turn inward; Discharge or bleeding from the nipple","For most men, there's no way to prevent male breast cancer. For those that have an increased risk of cancer, there may be ways to lower the risk; If breast cancer runs in your family; If you're a transgender man",High
Mastitis,Infectious,"Breast tenderness or warmth; Breast swelling; Thickening of breast tissue, or a breast lump; Pain or a burning feeling all the time or while breastfeeding; Skin redness, often in a wedge-shaped pattern. The redness may be harder to see on Black or brown skin; Feeling ill; Fever of 101 degrees Fahrenheit (38.3 degrees Celsius) or greater","Before you start breastfeeding, think about meeting with a breastfeeding specialist, called a lactation consultant; Lower your chances of getting mastitis by following these tips:; Feed your baby on demand or let out milk with your hand, called expressing, often; Fully drain the milk from your breasts while breastfeeding; Let your baby empty one breast all the way before switching to the other breast during feeding; Change the position you use to breastfeed from one feeding to the next; Make sure your baby latches on well during feedings; If you smoke, talk with your healthcare professional about how to quit",Medium
Subconjunctival hemorrhage (broken blood vessel in eye),Skin,"The most obvious sign of a subconjunctival hemorrhage is a bright red patch on the white (sclera) of your eye; Despite its bloody appearance, a subconjunctival hemorrhage looks worse than it is and should cause no change in your vision, discharge or pain","If the bleeding on the surface of your eye has a clearly identifiable cause, such as a bleeding disorder or blood-thinning medication, ask your doctor if you can take any steps to reduce the risk of a subconjunctival hemorrhage; If you need to rub your eyes, rub them gently. Rubbing too hard can cause minor trauma to your eyes, which may lead to a subconjunctival hemorrhage",Medium
Burns,Other,"Burn symptoms vary depending on how deep the skin damage is. It can take a day or two for the symptoms of a severe burn to develop; First-degree burn, also called superficial burn; Second-degree burn, also called partial-thickness burn; Third-degree burn, also called full-thickness burn","Burns are very common, and most of them are preventable",High
Meralgia paresthetica,Neurological,Tingling; Burning pain; Decreased feeling or numbness; Increased sensitivity and pain to even a light touch; These symptoms commonly occur on one side of your body and might intensify after walking or standing,,Medium
Knee bursitis,Musculoskeletal,"Knee bursitis symptoms vary. They depend on which bursa is affected and what's causing the inflammation; The affected portion of your knee might feel warm, tender and swollen. You also might feel pain when you move or when you're at rest; A direct blow to the knee can cause symptoms to come on fast","Wear kneepads.This can help if you often work on your knees or play sports that put your knees at risk. Use padding to cushion and protect your knees; Take breaks.If you're on your knees for a while, take regular breaks to stretch your legs and rest your knees; Reach and stay at a healthy weight.This can help take pressure off the knee joints",Low
Corns and calluses,Skin,"A thick, rough area of skin; A hardened, raised bump; Tenderness or pain under the skin; Flaky, dry or waxy skin; Corns and calluses are not the same thing; Cornsare smaller and deeper than calluses and have a hard center surrounded by swollen skin; Callusesare rarely painful and tend to develop on pressure spots, such as the heels, the balls of the feet, the palms and the knees",Wear shoes that give your toes plenty of room; Use protective coverings; Wear padded gloves when using hand tools.Or try padding your tool handles with cloth tape or covers,Medium
Carcinoma of unknown primary,Cancer,A cough that won't go away; Feeling very tired; Fever that doesn't have a clear cause; Losing weight without trying; Nausea and vomiting; Pain in one part of the body; Swelling of the belly; Swollen lymph nodes,,High
Anal cancer,Cancer,Bleeding from the anus or rectum; Blood in the stool; Pain in the area of the anus; A mass or growth in the anal canal; Anal itching; Having to go to the bathroom more often,,High
Basal cell carcinoma,Cancer,"Basal cell carcinoma usually develops on sun-exposed parts of your body, especially your head and neck; Basal cell carcinoma appears as a change in the skin, such as a growth or a sore that won't heal",Wear protective clothing; Some companies also sell protective clothing; Check your skin regularly and report changes to your doctor; Examine your chest and trunk and the tops and undersides of your arms and hands,High
Bladder cancer,Cancer,"Blood in urine (hematuria), which may cause urine to appear bright red or cola colored, though sometimes the urine appears normal and blood is detected on a lab test; Frequent urination; Painful urination; Back pain","Don't smoke; Take caution around chemicals.If you work with chemicals, follow all safety instructions to avoid exposure; Choose a variety of fruits and vegetables",High
Bone cancer,Cancer,"Bone pain; Swelling and tenderness near the affected area; Weakened bone, which can lead to a broken bone; Feeling very tired; Losing weight without trying",,High
Breast cancer,Cancer,"A breast lump or thickened area of skin that feels different from the surrounding tissue; A nipple that looks flattened or turns inward; Changes in the color of the breast skin; Change in the size, shape or appearance of a breast; Changes to the skin over the breast, such as skin that looks dimpled or looks like an orange peel; Peeling, scaling, crusting or flaking of the skin on the breast",,High
Carcinoid tumors,Cancer,"Some carcinoid tumors don't cause any signs or symptoms. When they do occur, signs and symptoms are usually vague and depend on the location of the tumor",,High
Cervical cancer,Cancer,"Vaginal bleeding after intercourse, between periods or after menopause; Menstrual bleeding that is heavier and lasts longer than usual; Watery, bloody vaginal discharge that may be heavy and have a foul odor; Pelvic pain or pain during intercourse","Ask your doctor about theHPVvaccine; Have routine Pap tests; Practice safe sex; Don't smoke.If you don't smoke, don't start. If you do smoke, talk to a health care professional about ways to help you quit",High
Chronic lymphocytic leukemia,Cancer,"Enlarged, but painless, lymph nodes; Fatigue; Fever; Pain in the upper left portion of the abdomen, which may be caused by an enlarged spleen; Night sweats; Weight loss; Frequent infections",,High
Chronic myelogenous leukemia,Cancer,"Chronic myelogenous leukemia often doesn't cause symptoms. It might be detected during a blood test; When they occur, symptoms may include:; Bone pain; Bleeding easily; Feeling full after eating a small amount of food; Fatigue; Fever; Weight loss without trying",,High
Colon cancer,Cancer,"Many people with colon cancer don't have symptoms at first; Symptoms of colon cancer can include:; A change in bowel habits, such as more frequent diarrhea or constipation; Rectal bleeding or blood in the stool; Ongoing discomfort in the belly area, such as cramps, gas or pain; A feeling that the bowel doesn't empty all the way during a bowel movement; Weakness or tiredness; Losing weight without trying",,High
Endometrial cancer,Cancer,Vaginal bleeding after menopause; Bleeding between periods; Pelvic pain,Talk to your health care team about the risks of hormone therapy after menopause; Consider taking birth control pills; Maintain a healthy weight,High
Esophageal cancer,Cancer,"Esophageal cancer may not cause symptoms early on. Symptoms of esophageal cancer usually happen when the disease is advanced; Signs and symptoms of esophageal cancer include:; Difficulty swallowing; Chest pain, pressure or burning; Coughing or hoarseness; Weight loss without trying; Worsening indigestion or heartburn",,High
Eye melanoma,Cancer,"Flashes of light or what look like specks of dust in a person's vision. These are sometimes called floaters; A growing dark spot in the colored part of the eye, called the iris; A change in the shape of the pupil. The pupil is the dark circle at the center of the eye; Poor vision or blurry vision in one eye; Not being able to see when looking to the side. This is called loss of peripheral vision",,High
Floor of the mouth cancer,Cancer,Mouth pain; Sores in the mouth that won't heal; Trouble moving the tongue; Loose teeth; Pain with swallowing; Weight loss; Ear pain; Swelling in the neck that may hurt,Don't use tobacco; Limit alcohol intake; Ask about theHPVvaccine; Have regular health and dental exams,High
Gallbladder cancer,Cancer,"Belly pain, mostly in the upper right part of the belly; Belly bloating; A mass you can feel through the skin; Losing weight without trying; Yellowing of the skin and whites of the eyes, called jaundice",,High
Stomach cancer,Cancer,Trouble swallowing; Belly pain; Feeling bloated after eating; Feeling full after eating small amounts of food; Not feeling hungry when you would expect to be hungry; Heartburn; Indigestion; Nausea,Eat plenty of fruits and vegetables.Try to include fruits and vegetables in your diet each day. Choose a variety of colorful fruits and vegetables; Reduce the amount of salty and smoked foods you eat.Protect your stomach by limiting these foods; Stop smoking; Tell your health care provider if stomach cancer runs in your family,High
Hairy cell leukemia,Cancer,"Hairy cell leukemia might not cause symptoms. Sometimes a health care provider finds it by accident during a blood test for another condition; When it causes symptoms, hairy cell leukemia might cause:; A feeling of fullness in your belly that may make it uncomfortable to eat more than a little at a time; Fatigue; Easy bruising; Recurring infections; Weakness; Losing weight without trying",,High
Hodgkin lymphoma (Hodgkin disease),Cancer,"Painless swelling of lymph nodes in the neck, armpits or groin; Fever; Feeling very tired; Night sweats; Weight loss that happens without trying; Itchy skin",,High
Hurthle cell cancer,Cancer,"Hurthle cell cancer doesn't always cause symptoms, and it's sometimes detected during a physical examination or an imaging test done for some other reason; When they do occur, signs and symptoms may include:; These signs and symptoms don't necessarily mean that you have Hurthle cell cancer",,High
Kidney cancer,Cancer,"Blood in the urine, which may appear pink, red or cola colored; Loss of appetite; Pain in the side or back that doesn't go away; Tiredness; Unexplained weight loss",,High
Leukemia,Cancer,"Fever or chills; Persistent fatigue, weakness; Frequent or severe infections; Losing weight without trying; Swollen lymph nodes, enlarged liver or spleen; Easy bleeding or bruising; Recurrent nosebleeds; Tiny red spots in your skin (petechiae)",,High
Liver cancer,Cancer,"Losing weight without trying; Loss of appetite; Upper abdominal pain; Nausea and vomiting; General weakness and fatigue; Abdominal swelling; Yellow discoloration of your skin and the whites of your eyes (jaundice); White, chalky stools",,High
Lung cancer,Cancer,"Lung cancer typically doesn't cause symptoms early on. Symptoms of lung cancer usually happen when the disease is advanced; Signs and symptoms of lung cancer that happen in and around the lungs may include:; A new cough that doesn't go away; Chest pain; Coughing up blood, even a small amount; Hoarseness; Shortness of breath; Wheezing",,High
Merkel cell carcinoma,Cancer,"The first symptom of Merkel cell carcinoma most often is a growth on the skin; A Merkel cell carcinoma can cause:; A bump on the skin that often is painless; A bump that grows quickly; A bump whose two sides don't match; A bump that looks pink, purple, red-brown, or the same color as the skin around it","While exposure to sunlight isn't proved to cause all Merkel cell carcinomas, it is thought to be a risk factor for this cancer; Try to:",High
Mesothelioma,Cardiovascular,Signs and symptoms of mesothelioma depend on where the cancer starts; Pleural mesotheliomaaffects the tissue around the lungs. Symptoms may include:; Chest pain; Painful coughing; Shortness of breath; Lumps under the skin on the chest; Tiredness; Weight loss without trying,Reducing your exposure to asbestos may lower your risk of mesothelioma,High
Mouth cancer,Cancer,A lip or mouth sore that won't heal; A white or reddish patch on the inside of the mouth; Loose teeth; A growth or lump inside the mouth; Mouth pain; Ear pain; Difficult or painful swallowing,,High
Multiple myeloma,Cancer,"Bone pain, especially in the spine, chest or hips; Nausea; Constipation; Loss of appetite; Mental fogginess or confusion; Tiredness; Infections; Weight loss",,High
Nasopharyngeal carcinoma,Cancer,A lump in your neck caused by a swollen lymph node; Bleeding from the nose; Bloody saliva; Double vision; Ear infections; Facial numbness; Headaches; Hearing loss,There's no sure way to prevent nasopharyngeal carcinoma,High
Neuroblastoma,Cancer,Signs and symptoms of neuroblastoma may vary depending on what part of the body is affected; Neuroblastoma in the bellymay cause symptoms such as:; Belly pain; A lump under the skin that typically isn't tender when touched; Diarrhea or constipation; Neuroblastoma in the chestmay cause symptoms such as:; Wheezing; Difficulty breathing,,High
Non-Hodgkin lymphoma,Cancer,"Swollen lymph nodes in the neck, armpits or groin; Belly pain or swelling; Chest pain, coughing or trouble breathing; Feeling very tired; Fever; Night sweats; Weight loss without trying",,High
Ovarian cancer,Cancer,"When ovarian cancer first develops, it might not cause any noticeable symptoms; Signs and symptoms of ovarian cancer may include:; Abdominal bloating or swelling; Quickly feeling full when eating; Weight loss; Discomfort in the pelvic area; Fatigue; Back pain",Consider taking birth control pills; Discuss your risk factors with your doctor,High
Pancreatic cancer,Cancer,"Belly pain that spreads to the sides or back; Loss of appetite; Weight loss; Yellowing of the skin and the whites of the eyes, called jaundice; Light-colored or floating stools; Dark-colored urine; Itching; New diagnosis of diabetes or diabetes that's getting harder to control",,High
Paraneoplastic syndromes of the nervous system,Cancer,"Symptoms of paraneoplastic syndromes of the nervous system can develop relatively quickly, often over days to weeks; Symptoms vary depending on the body part being injured, and may include:; Trouble walking; Trouble with balance; Loss of muscle coordination; Loss of muscle tone or weakness; Loss of fine motor skills, such as picking up objects; Trouble swallowing",,High
Prostate cancer,Cancer,"Prostate cancer may not cause symptoms at first; When they happen, early-stage prostate cancer signs and symptoms can include:; Blood in the urine, which might make the urine look pink, red or cola-colored; Blood in the semen; Needing to urinate more often; Trouble getting started when trying to urinate; Waking up to urinate more often at night; If the prostate cancer spreads, other symptoms can happen",Choose a healthy diet; Exercise most days of the week; Maintain a healthy weight; Don't smoke; Medicines to lower the risk of prostate cancer,High
Rectal cancer,Cancer,"Rectal cancer may not cause symptoms early on. Symptoms of rectal cancer usually happen when the disease is advanced; Signs and symptoms of rectal cancer include:; A change in bowel habits, such as diarrhea, constipation or a more-frequent need to pass stool; A feeling that the bowel doesn't empty completely; Abdominal pain; Dark maroon or bright red blood in stool; Narrow stool; Weight loss that happens without trying",,High
Retinoblastoma,Cancer,A white color in the center circle of the eye when light is shone in the eye. It might show up in flash photos; Eye redness; Eye swelling; Eyes that seem to be looking in different directions; Vision loss,"There's no way to prevent retinoblastoma; Some retinoblastomas are caused by DNA changes that run in families; If your children have an increased risk of retinoblastoma, care can be planned to manage that risk; If you haven't had children, but are planning to, talk with your healthcare team about your family history of retinoblastoma",High
Soft tissue sarcoma,Cancer,"A noticeable lump or swelling; Pain, if the growth presses on nerves or muscles",,High
Squamous cell carcinoma of the skin,Cancer,"Squamous cell carcinoma of the skin most often occurs on sun-exposed skin; Symptoms of squamous cell carcinoma of the skin include:; A firm bump on the skin, called a nodule; A flat sore with a scaly crust; A new sore or raised area on an old scar or sore; A rough, scaly patch on the lip that may become an open sore; A sore or rough patch inside the mouth; A raised patch or wartlike sore on or in the anus or on the genitals",Stay out of the sun during the middle of the day; Wear sunscreen year-round; Wear protective clothing; Don't use tanning beds.The lights in tanning beds give offUVradiation. Using tanning beds increases the risk of skin cancer; Check your skin often and report changes to your health care team,High
Testicular cancer,Cancer,A lump or swelling in either testicle; A feeling of heaviness in the scrotum; A dull ache in the lower belly or groin; Sudden swelling in the scrotum; Pain or discomfort in a testicle or the scrotum; Enlargement or tenderness of the breast tissue; Back pain; Usually testicular cancer only happens in one testicle,"There's no way to prevent testicular cancer. If you get testicular cancer, there's nothing you could have done to prevent it",High
Throat cancer,Cancer,"A cough; Changes in your voice, such as hoarseness or not speaking clearly; Difficulty swallowing; Ear pain; A lump or sore that doesn't heal; A sore throat; Weight loss","Stop smoking or don't start smoking; Drink alcohol only in moderation, if at all; Choose a healthy diet full of fruits and vegetables; Protect yourself fromHPV",High
Thyroid cancer,Cardiovascular,"A lump (nodule) that can be felt through the skin on your neck; A feeling that close-fitting shirt collars are becoming too tight; Changes to your voice, including increasing hoarseness; Difficulty swallowing; Swollen lymph nodes in your neck; Pain in your neck and throat","Doctors aren't sure what causes the gene changes that lead to most thyroid cancers, so there's no way to prevent thyroid cancer in people who have an average risk of the disease",High
Vaginal cancer,Cancer,"Vaginal bleeding that isn't typical, such as after menopause or after sex; Vaginal discharge; A lump or mass in the vagina; Painful urination; Frequent urination; Constipation; Pelvic pain",,High
Vulvar cancer,Cancer,"A lump, wartlike bump or an open sore on the vulva; Bleeding in the genital area that isn't from menstruation; Itching of the skin of the vulva that doesn't go away; Pain and tenderness that affects the vulva; Skin changes, such as changes in the color of the skin of the vulva or thickening of the skin","To lower the risk of vulvar cancer, don't smoke tobacco",High
Wilms tumor,Cancer,"A mass in the stomach area that can be felt; Swelling in the stomach area; Pain in the stomach area; Other symptoms might include:; Fever; Blood in the urine; Low red blood cell level, also known as anemia; High blood pressure","Wilms tumor can't be prevented; If a child has any of the conditions that increase the risk for Wilms tumor, a health care provider might suggest doing kidney ultrasounds at times to look for anything unusual in the kidneys",High
Yeast infection (vaginal),Infectious,"Itching and irritation in the vagina and tissues at the vaginal opening, called the vulva; A burning feeling, mainly during intercourse or while urinating; Redness and swelling of the vulva. Redness may be harder to see on Black or brown skin than on white skin; Vaginal pain and soreness; Thick, white vaginal shedding of fluid and cells, called discharge, with little or no odor. The discharge looks like cottage cheese","To lower your risk of vaginal yeast infections, wear underwear that has a cotton crotch and doesn't fit too tightly; Also, these tips might help prevent a yeast infection:; Do not wear tight pantyhose, underwear or jeans; Do not douche. This removes some of the good germs in the vagina that protect from infection; Do not use scented products in the vaginal area. For instance, don't use scented bubble bath, soap, menstrual pads and tampons; Do not use hot tubs or take hot baths; Do not use antibiotics you don't need. For instance, don't take antibiotics for colds or other viral infections; Do not stay in wet clothes, such as swimsuits and workout clothes, for longer than needed",Low
Sudden cardiac arrest,Cardiovascular,Sudden collapse; No pulse; No breathing; Loss of consciousness; Sometimes other symptoms occur before sudden cardiac arrest. These might include:; Chest discomfort; Shortness of breath; Weakness,"Eat healthy; Stay active and get regular exercise; Do not smoke or use tobacco; Have regular checkups; Get screened for heart disease; Control blood pressure and cholesterol; Genetic tests can be done to see if you have long QT syndrome, a common cause of sudden cardiac death; If you have a known risk of cardiac arrest, your healthcare professional might recommend a heart device called an implantable cardioverter-defibrillator (ICD)",High
Myocardial ischemia,Cardiovascular,"Some people who have myocardial ischemia don't have any signs or symptoms (silent ischemia); When they do occur, the most common is chest pressure or pain, typically on the left side of the body (angina pectoris)",The same lifestyle habits that can help treat myocardial ischemia can also help prevent it from developing in the first place,High
Dilated cardiomyopathy,Cardiovascular,Some people with dilated cardiomyopathy don't have any signs or symptoms in the early stages of the disease; Signs and symptoms of dilated cardiomyopathy may include:,,High
Hypertrophic cardiomyopathy,Cardiovascular,"Chest pain, especially during exercise; Fainting, especially during or just after exercise or other physical activity; Sensation of fast, fluttering or pounding heartbeats called palpitations; Shortness of breath, especially during exercise","There is no known way to prevent hypertrophic cardiomyopathy (HCM); Hypertrophic cardiomyopathy usually is passed down in families; If genetic testing isn't done, or if the results aren't helpful, screening may be done with repeated echocardiograms; For people who have a family member with hypertrophic cardiomyopathy:; Echocardiogram screenings are recommended starting at about age 12; Screening with echocardiograms should continue every 1 to 3 years through ages 18 to 21; After that, the screenings can be done every five years through adulthood; You may need to have an echocardiogram more often based on your overall health and healthcare team's preference",High
Achalasia,Neurological,"Difficulty swallowing, called dysphagia, which may feel like food or drink is stuck in the throat; Swallowed food or saliva flowing back into the throat; Heartburn; Belching; Chest pain that comes and goes; Coughing at night; Pneumonia from getting food in the lungs; Weight loss",,Medium
Heart disease,Cardiovascular,Heart disease symptoms depend on the type of heart disease,"Don't smoke; Eat a diet that's low in salt and saturated fat; Exercise at least 30 minutes a day on most days of the week; Maintain a healthy weight; Reduce and manage stress; Control high blood pressure, high cholesterol and diabetes; Get good sleep. Adults should aim for 7 to 9 hours daily",High
Carotid artery disease,Cardiovascular,"In its early stages, carotid artery disease often doesn't have symptoms; Symptoms of a stroke orTIAinclude:; Sudden numbness or weaknessin the face or limbs, often on one side of the body; Sudden trouble speakingand understanding speech; Sudden trouble seeingin one or both eyes; Sudden dizzinessor loss of balance; Sudden, severe headachewith no known cause","Don't smoke.Within a few years of quitting, a former smoker's risk of stroke is like a nonsmoker's; Maintain a healthy weight.Being overweight increases other risk factors, such as high blood pressure, cardiovascular disease, diabetes and sleep apnea; Eat a healthy diet.Focus on fruits and vegetables, whole grains and fish, nuts and legumes. Limit cholesterol and fat, especially saturated and trans fats; Limit salt.Too much salt can increase blood pressure in some people. Experts recommend that healthy adults eat less than 1,500 milligrams of salt a day; Exercise regularly; Limit or avoid alcohol; Control illnesses.Managing conditions such as diabetes and high blood pressure helps protect arteries",High
Childhood apraxia of speech,Neurological,"Children with childhood apraxia of speech (CAS) may have a variety of speech symptoms; CAScan result in:; Babbling less or making fewer vocal sounds than is typical between the ages of 7 to 12 months; Speaking first words late, typically after ages 12 to 18 months old; Using a limited number of consonants and vowels; Often leaving out sounds when speaking; Using speech that is hard to understand; These symptoms are usually noticed between ages 18 months and 2 years",Diagnosing and treating childhood apraxia of speech at an early stage may reduce the risk of long-term persistence of the problem,Low
Congenital diaphragmatic hernia (CDH),Cardiovascular,"Congenital diaphragmatic hernia ranges in severity; Babies born withCDHmay have:; Severe trouble breathing due to small lungs that don't work well (pulmonary hypoplasia); A type of high blood pressure that affects the arteries in the lungs and the right side of the heart (pulmonary hypertension); Problems with development of the heart; Damage to the intestines, stomach, liver and other abdominal organs if they move through the hernia into the chest",,Medium
Median arcuate ligament syndrome (MALS),Cardiovascular,Pressure on the celiac artery doesn't always cause symptoms.MALSsymptoms are mainly caused by pressure on the nerves; Symptoms ofMALSinclude:; Stomach pain after eating or exercising; The stomach pain gets better by leaning forward or backward or standing while eating; Fear of eating food because of pain; Unintended weight loss; Bloating; Diarrhea,,High
Barrett's esophagus,Cardiovascular,"Frequent heartburn and regurgitation of stomach contents; Difficulty swallowing food; Less commonly, chest pain; Curiously, approximately half of the people diagnosed with Barrett's esophagus report little if any symptoms of acid reflux",,High
Swimmer's itch,Skin,"Swimmer's itch symptoms include an itchy rash that looks like pimples or blisters; Usually the rash affects skin that's not covered by swimsuits, wetsuits or waders",Choose swimming spots carefully; Rinse after swimming.Rinse exposed skin with clean water right after leaving the water. Then dry the skin with a towel; Skip the bread crumbs.Don't feed birds on piers or near swimming areas,Medium
CSF leak (Cerebrospinal fluid leak),Neurological,Symptoms vary between spinal and cranialCSFleaks,,Medium
Stroke,Cardiovascular,"If you or someone you're with may be having a stroke, pay attention to the time the symptoms began; Symptoms of stroke include:; Trouble speaking and understanding what others are saying.A person having a stroke may be confused, slur words or may not be able to understand speech; Numbness, weakness or paralysis in the face, arm or leg; Problems seeing in one or both eyes.The person may suddenly have blurred or blackened vision in one or both eyes. Or the person may see double; Headache.A sudden, severe headache may be a symptom of a stroke. Vomiting, dizziness and a change in consciousness may occur with the headache; Trouble walking.Someone having a stroke may stumble or lose balance or coordination","You can take steps to prevent a stroke; Many stroke prevention strategies are the same as strategies to prevent heart disease. In general, healthy lifestyle recommendations include:; Control high blood pressure, known as hypertension; Lower the amount of cholesterol and saturated fat in your diet; Quit tobacco use.Smoking raises the risk of stroke for smokers and nonsmokers exposed to secondhand smoke. Quitting lowers your risk of stroke; Manage diabetes; Maintain a healthy weight.Being overweight contributes to other stroke risk factors, such as high blood pressure, cardiovascular disease and diabetes; Eat a diet rich in fruits and vegetables",High
Incompetent cervix,Ear/Nose/Throat,"With an incompetent cervix, there may be no signs or symptoms during early pregnancy; Be on the lookout for:; A feeling of pelvic pressure; A new backache; Mild stomach cramps; A change in vaginal discharge; Light vaginal bleeding","Seek regular prenatal care; Eat a healthy diet; Gain weight wisely; Avoid risky substances; If you've had an incompetent cervix during one pregnancy, you're at risk of premature birth or pregnancy loss in later pregnancies",Medium
Cervical spondylosis,Neurological,"Most people experience no symptoms. When symptoms do occur, they typically include pain and stiffness in the neck; Sometimes, cervical spondylosis results in a narrowing of the spinal canal within the bones of the spine (the vertebrae)",,High
Neck pain,Musculoskeletal,"Pain that's often worsened by holding the head in one place for long periods, such as when driving or working at a computer; Muscle tightness and spasms; Decreased ability to move the head; Headache","Use good posture; Take frequent breaks.If you travel long distances or work long hours at your computer, get up, move around, and stretch your neck and shoulders; Adjust your desk, chair and computerso that the monitor is at eye level. Knees should be slightly lower than hips. Use your chair's armrests; If you smoke, quit.Smoking can increase the risk of developing neck pain; Avoid carrying heavy bags with straps over your shoulder.The weight can strain your neck; Sleep in a healthy position; Stay active.If you don't move much, increase your activity level",High
Cystic fibrosis,Respiratory,"In the U; CF symptoms vary, depending on which organs are affected and how severe the condition is; People who are not diagnosed until adulthood usually have milder symptoms and are more likely to have symptoms that aren't typical; People with CF have a higher than usual level of salt in their sweat","If you or your partner have close relatives with cystic fibrosis, you both may choose to have genetic testing before having children; If you're already pregnant and the genetic test shows that your baby may be at risk of CF, your healthcare professional can do other tests on your unborn child; Genetic testing isn't for everyone. Before you decide to be tested, talk with a genetic counselor about the mental health impact the test results might have",High
Hip dysplasia,Musculoskeletal,"Symptoms vary by age group; In teenagers and young adults, hip dysplasia can cause painful complications such as osteoarthritis or a hip labral tear",,Medium
Drug addiction (substance use disorder),Neurological,"Feeling that you have to use the drug regularly — daily or even several times a day; Having intense urges for the drug that block out any other thoughts; Over time, needing more of the drug to get the same effect; Taking larger amounts of the drug over a longer period of time than you intended; Making certain that you maintain a supply of the drug; Spending money on the drug, even though you can't afford it; Not meeting obligations and work responsibilities, or cutting back on social or recreational activities because of drug use; Continuing to use the drug, even though you know it's causing problems in your life or causing you physical or psychological harm",The best way to prevent an addiction to a drug is not to take the drug at all; Health care providers should prescribe these medicines at safe doses and amounts and monitor their use so that you're not given too great a dose or for too long a time,High
Child abuse,Ear/Nose/Throat,Specific signs and symptoms depend on the type of abuse and can vary,"You can take important steps to protect your child from exploitation and child abuse, as well as prevent child abuse in your neighborhood or community; Here's how you can help keep children safe:; Teach your child how to stay safe online; Cover online ground rules, such as not sharing personal information; not responding to inappropriate, hurtful or frightening messages; and not arranging to meet an online contact in person without your permission",High
Chlamydia trachomatis,Infectious,Early-stage Chlamydia trachomatis infections often cause few symptoms; Symptoms of Chlamydia trachomatis infection can include:; Painful urination; Vaginal discharge; Discharge from the penis; Painful vaginal sex; Vaginal bleeding between periods and after sex; Testicular pain,Use condoms; Limit your number of sex partners.Having multiple sex partners puts you at a high risk of contracting chlamydia and other sexually transmitted infections; Get regular screenings; A medicine called doxycycline may be an option to prevent infection among people at higher risk than average of getting chlamydia; Taking doxycycline within 3 days of sexual activity lowers the risk of an infection with the bacteria that cause chlamydia,High
Primary sclerosing cholangitis,Cancer,Primary sclerosing cholangitis is often diagnosed before symptoms appear when a routine blood test or an X-ray taken for an unrelated condition shows liver abnormalities; Early signs and symptoms often include:; Fatigue; Itching; Yellow eyes and skin (jaundice); Abdominal pain; Many people diagnosed with primary sclerosing cholangitis before they have symptoms continue to feel generally well for several years; Signs and symptoms that may appear as the disease progresses include:,,High
Huntington's disease,Neurological,Huntington's disease usually causes movement disorders,"People with a known family history of Huntington's disease may be concerned about whether they may pass the Huntington gene on to their children; If an at-risk parent is considering genetic testing, it can be helpful to meet with a genetic counselor; Another option for couples is in vitro fertilization and preimplantation genetic diagnosis",High
Gastroesophageal reflux disease (GERD),Cardiovascular,"A burning sensation in the chest, often called heartburn. Heartburn usually happens after eating and might be worse at night or while lying down; Backwash of food or sour liquid in the throat; Upper belly or chest pain; Trouble swallowing, called dysphagia; Sensation of a lump in the throat; If you have nighttime acid reflux, you also might experience:; An ongoing cough; Inflammation of the vocal cords, known as laryngitis",,High
Addison's disease,Endocrine,"Addison's disease symptoms usually happen slowly, often over months; Early symptoms of Addison's disease can affect you in various ways. Some early symptoms can cause discomfort or loss of energy, including:; Extreme tiredness, also called fatigue; Dizziness or fainting when standing after sitting or lying down. This is due to a type of low blood pressure called postural hypotension; Sweating due to low blood sugar, also called hypoglycemia; Upset stomach, diarrhea or vomiting; Pain in the stomach area, also called the abdomen; Muscle cramps, weakness, widespread pain or joint pain","Talk with your healthcare professional if you always feel tired or weak or are losing weight without trying; If you have Addison's disease, ask your healthcare professional what to do when you're sick; If you become very sick, go to an emergency room. This is crucial if you're vomiting and you can't take your medicine; Some people with Addison's disease worry about serious side effects from corticosteroid medicines; If you take corticosteroids, follow up with your healthcare professional regularly to make sure your dose is not too high",High
Chronic exertional compartment syndrome,Neurological,"Your limbs have specific areas of muscle (compartments); Signs and symptoms can include:; Pain caused by chronic exertional compartment syndrome typically follows this pattern:; Taking a complete break from exercise or performing only low-impact activity might relieve your symptoms, but relief is usually only temporary",,High
Myalgic encephalomyelitis/chronic fatigue syndrome (ME/CFS),Other,"Extreme exhaustion after physical or mental exercise; Problems with memory or thinking skills; Dizziness that worsens with moving from lying down or sitting to standing; Muscle or joint pain; Unrefreshing sleep; Some people with this condition have headaches, sore throats, and tender lymph nodes in the neck or armpits",,Medium
Chronic kidney disease,Ear/Nose/Throat,Nausea; Vomiting; Loss of appetite; Fatigue and weakness; Sleep problems; Urinating more or less; Decreased mental sharpness; Muscle cramps,Follow instructions on over-the-counter medications; Maintain a healthy weight; Don't smoke; Manage your medical conditions with your doctor's help,High
COPD,Cardiovascular,"COPD symptoms often don't appear until a lot of lung damage has occurred; Symptoms of COPD may include:; Trouble catching your breath, especially during physical activities; Wheezing or whistling sounds when breathing; Ongoing cough that may bring up a lot of mucus. The mucus may be clear, white, yellow or greenish; Chest tightness or heaviness; Lack of energy or feeling very tired; Frequent lung infections","Unlike some other medical conditions, COPD often has a clear cause and a clear way to prevent it; If you've smoked for a long time, quitting can be hard, especially if you've tried quitting once, twice or many times before; Workplace exposure to chemical fumes, vapors and dusts is another risk factor for COPD; Here are some steps you can take to help prevent complications linked with COPD:; Quit smoking to help lower your risk of heart disease and lung cancer; Get an annual flu vaccination and vaccination against pneumococcal pneumonia to lower your risk of or prevent some infections; Talk with your healthcare professional or a mental health professional if you feel sad or hopeless or think that you may have depression",High
Chronic sinusitis,Respiratory,"Thick, discolored mucus from the nose, known as a runny nose; Mucus down the back of the throat, known as postnasal drip; Blocked or stuffy nose, known as congestion. This makes it hard to breathe through the nose; Pain, tenderness and swelling around the eyes, cheeks, nose or forehead; Reduced sense of smell and taste; Other symptoms can include:; Ear pain; Headache","Protect your health.Try to stay away from people who have colds or other infections. Wash your hands often with soap and water, especially before meals; Manage allergies.Work with your health care provider to keep symptoms under control. Stay away from things you're allergic to when possible; Avoid cigarette smoke and polluted air.Tobacco smoke and other pollutants can irritate the lungs and inside the nose, called the nasal passages; Use a humidifier",Medium
Vulvodynia,Ear/Nose/Throat,"Burning; Irritation; Stinging; Rawness; Soreness; Sharp or knife-like pain; You also may feel aching, throbbing and swelling; How often the symptoms happen and where exactly they're felt varies from person to person",,Medium
Creutzfeldt-Jakob disease,Neurological,"Death usually occurs within a year; In people with variantCJD, changes in mental abilities may be more apparent in the beginning of the disease; VariantCJDaffects people at a younger age thanCJD. VariantCJDappears to last 12 to 14 months; Another rare form of prion disease is called variably protease-sensitive prionopathy (VPSPr)",There's no known way to prevent sporadicCJD,High
Depression (major depressive disorder),Mental Health,"Feelings of sadness, tearfulness, emptiness or hopelessness; Angry outbursts, irritability or frustration, even over small matters; Loss of interest or pleasure in most or all normal activities, such as sex, hobbies or sports; Sleep disturbances, including insomnia or sleeping too much; Tiredness and lack of energy, so even small tasks take extra effort; Reduced appetite and weight loss or increased cravings for food and weight gain; Anxiety, agitation or restlessness; Slowed thinking, speaking or body movements","There's no sure way to prevent depression. However, these strategies may help; Take steps to control stress,to increase your resilience and boost your self-esteem; Reach out to family and friends,especially in times of crisis, to help you weather rough spells; Get treatment at the earliest sign of a problemto help prevent depression from worsening; Consider getting long-term maintenance treatmentto help prevent a relapse of symptoms",High
C. difficile infection,Digestive,Symptoms often begin within 5 to 10 days after starting an antibiotic. But symptoms can occur as soon as the first day or up to three months later,"To protect against C; If you need an antibiotic, ask if you can get a prescription for a medicine that you take for a shorter time or is a narrow-spectrum antibiotic; To help prevent the spread of C; Measures to prevent C. difficile include:; Hand-washing; Contact precautions; Thorough cleaning",High
Valley fever,Respiratory,Valley fever is the initial form of coccidioidomycosis infection,"There is no vaccine to prevent valley fever; If you live in or visit areas where valley fever is common, take common-sense precautions, especially during the dry season following a rainy season when the chance of infection is highest; Consider these tips:",High
Cold urticaria,Cardiovascular,"Serious responses may include:; Cold urticaria symptoms begin soon after the skin is exposed to a sudden drop in air temperature or cold water; The worst reactions generally occur when all of the skin is exposed to cold, such as when swimming in cold water",,High
Hypothermia,Cardiovascular,"When the temperature starts to drop, the body can start to shiver; Symptoms of hypothermia include:; Shivering; Slurred speech or mumbling; Slow, shallow breathing; Weak pulse; Clumsiness or lack of coordination; Drowsiness or very low energy",,High
Common cold,Respiratory,Runny or stuffy nose; Sore or scratchy throat; Cough; Sneezing; Generally feeling unwell; Slight body aches or a mild headache; Low-grade fever; The mucus from your nose may start out clear and become thicker and yellow or green,"Wash your hands; Clean and disinfect; Cover your cough; Don't share.Don't share drinking glasses or silverware with other family members; Stay away from people with colds; Review your child care center's policies.Look for a child care setting with good hygiene practices and clear policies about keeping sick children at home; Take care of yourself.Eat well, exercise and get plenty of sleep to help you stay healthy",Low
Ischemic colitis,Cardiovascular,"Pain, tenderness or cramping in the belly, which can happen suddenly or happen over time; Bright red or maroon blood in the stool or, at times, passage of blood alone without stool; A feeling of urgency to move the bowels; Diarrhea; Nausea; The risk of serious complications is higher when symptoms happen on the right side of the belly","Since the cause of ischemic colitis isn't always clear, there's no certain way to prevent the disorder; To prevent recurrent episodes of ischemic colitis, some healthcare professionals recommend stopping any medicine that might cause the condition",High
Microscopic colitis,Digestive,"Watery diarrhea; Belly pain, cramps or bloating; Weight loss; Nausea; Not being able to control bowel movements, called fecal incontinence; The body not having enough water, called dehydration; The symptoms of microscopic colitis can come and go. At times, symptoms improve on their own",,High
Ulcerative colitis,Digestive,"Diarrhea, often with blood or pus; Rectal bleeding — passing a small amount of blood with stool; Belly pain and cramping; Rectal pain; Urgency to pass stool; Not being able to pass stool despite urgency; Weight loss; Fatigue",,High
Atelectasis,Cancer,"Having a hard time breathing; Rapid, weak breathing; Wheezing; Coughing","Atelectasis in children is often caused by a blockage in the airway. To lower the risk of atelectasis, keep small objects out of the reach of children; In adults, atelectasis most commonly occurs after major surgery",High
Pneumothorax,Respiratory,The main symptoms of a pneumothorax are sudden chest pain and shortness of breath. Severity of symptoms may depend on how much of the lung is collapsed,,High
Complicated grief,Infectious,"During the first few months after a loss, many signs and symptoms of normal grief are the same as those of complicated grief; Signs and symptoms of complicated grief may include:; Intense sorrow, pain and rumination over the loss of your loved one; Focus on little else but your loved one's death; Extreme focus on reminders of the loved one or excessive avoidance of reminders; Intense and persistent longing or pining for the deceased; Problems accepting the death; Numbness or detachment",It's not clear how to prevent complicated grief; Talking; Support; Bereavement counseling,High
Hoarding disorder,Other,"The first symptoms of hoarding disorder often appear during the teenage to early adult years; As you grow older, you may continue getting and holding onto things that you may never use and don't have space for; Problems with hoarding gradually develop over time and tend to be a private behavior; Symptoms of hoarding disorder may include:; Getting and keeping too many items that you may not have a need for right now and don't have space for; Ongoing difficulty throwing out or parting with your things, regardless of their actual value; Feeling a need to save these items and being upset by the thought of getting rid of them; Building up clutter to the point where you can't use rooms","Because little is understood about what causes hoarding disorder, there's no known way to prevent it",High
Binge-eating disorder,Mental Health,"If you have binge-eating disorder, you may be overweight or obese, or you may be at a healthy weight; Symptoms of binge-eating disorder vary but can include:; Feeling that you don't have control over your eating behavior, for example, you can't stop once you start; Often eating much larger than usual amounts of food in a specific amount of time, such as over a two-hour period; Eating even when you're full or not hungry; Eating very fast during eating binges; Eating until you're uncomfortably full; Often eating alone or in secret","Model body acceptance,regardless of body shape or size. Make it clear that dieting or restricting food is not healthy unless there's a diagnosed food allergy; Talk with your child's healthcare professional about any concerns",High
Kleptomania,Infectious,"Inability to resist powerful urges to steal items that you don't need; Feeling increased tension, anxiety or arousal leading up to the theft; Feeling pleasure, relief or satisfaction while stealing; Feeling terrible guilt, remorse, self-loathing, shame or fear of arrest after the theft; Return of the urges and a repetition of the kleptomania cycle","Because the causes of kleptomania aren't clear, it's not yet known how to prevent it with any certainty",High
Genital warts,Cancer,Vulva; Walls of the vagina; Area between the outer part of the genitals and the anus; Anal canal; Cervix; Tip or shaft of the penis; Scrotum; Anus,Get theHPVvaccine to help prevent genital warts,High
Hirschsprung's disease,Neurological,"Signs and symptoms of Hirschsprung's disease vary with the severity of the condition; Typically, the most obvious sign is a newborn's failure to have a bowel movement within 48 hours after birth; Other signs and symptoms in newborns may include:; In older children, signs and symptoms can include:",,High
Craniosynostosis,Neurological,"A misshapen skull, with the shape depending on which of the sutures are affected; Development of a raised, hard ridge along affected sutures, with a change in the shape of the head that's not typical",,High
Heart failure,Cardiovascular,"If you have heart failure, your heart can't supply enough blood to meet your body's needs; Symptoms may develop slowly. Sometimes, heart failure symptoms start suddenly. Heart failure symptoms may include:; Shortness of breath with activity or when lying down; Fatigue and weakness; Swelling in the legs, ankles and feet; Rapid or irregular heartbeat; Reduced ability to exercise; Wheezing",One way to prevent heart failure is to treat and control the conditions that can cause it; Some of the same lifestyle changes used to manage heart failure also may help prevent it. Try these heart-healthy tips:; Don't smoke; Get plenty of exercise; Eat healthy foods; Maintain a healthy weight; Reduce and manage stress; Take medicines as directed,High
Pink eye (conjunctivitis),Infectious,"Redness in one or both eyes; Itchiness in one or both eyes; A gritty feeling in one or both eyes; A discharge in one or both eyes that forms a crust during the night that may prevent your eye or eyes from opening in the morning; Tearing; Sensitivity to light, called photophobia",,Medium
Functional neurologic disorder/conversion disorder,Cardiovascular,"Signs and symptoms of functional neurologic disorder may vary, depending on the type of functional neurological symptoms, and they're significant enough to cause impairment and warrant medical evaluation; Signs and symptoms that affect body movement and function may include:; Signs and symptoms that affect the senses may include:",,High
Small vessel disease,Cardiovascular,"If you've been treated for coronary artery disease with angioplasty and stents and your signs and symptoms haven't gone away, you might also have small vessel disease",,High
Chronic cough,Respiratory,"A runny or stuffy nose; A feeling of liquid running down the back of your throat, also known as postnasal drip; Clearing your throat a lot; Sore throat; Hoarseness; Wheezing and shortness of breath; Heartburn or a sour taste in your mouth; In rare cases, coughing up blood",,High
Coronavirus disease 2019 (COVID-19),Respiratory,"TypicalCOVID-19symptoms often show up 2 to 14 days after contact with the virus; Symptoms can include:; Dry cough; Shortness of breath; Loss of taste or smell; Extreme tiredness, called fatigue; Digestive symptoms such as upset stomach, vomiting or loose stools, called diarrhea; Pain, such as headaches and body or muscle aches",The Centers for Disease Control and Prevention (CDC) recommends aCOVID-19vaccine for everyone age 6 months and older; TheCOVID-19vaccines available in the United States are:; Pfizer-BioNTechCOVID-19vaccine 2024-2025 formula; Children ages 6 months up to age 4 years are up to date after three doses of the 2024-2025 Pfizer-BioNTechCOVID-19vaccine; People age 5 and older are up to date with one 2024-2025 Pfizer-BioNTechCOVID-19vaccine; ModernaCOVID-19vaccine 2024-2025 formula; Children ages 6 months up to age 4 are up to date if they've had two doses of a 2024-2025 ModernaCOVID-19vaccine; People age 5 and older are up to date with one 2024-2025 ModernaCOVID-19vaccine,High
Muscle cramp,Musculoskeletal,"Muscle cramps occur mostly in leg muscles, most often in the calf",Drink plenty of liquids every day; Stretch your muscles,High
Menstrual cramps,Reproductive,Some women also have:,,High
Complex regional pain syndrome,Cardiovascular,"Symptoms may change over time and vary from person to person; Over time, the affected limb can become cold and pale; CRPS occasionally may spread from its source to elsewhere in the body, such as the opposite limb; In some people, signs and symptoms of CRPS go away on their own",,High
Undescended testicle,Infectious,Not seeing or feeling a testicle in the scrotum is the main symptom of an undescended testicle; Testicles form in an unborn baby's lower belly,,High
Cutaneous T-cell lymphoma,Cancer,"Patches of raised or scaly skin that might itch. The patches happen most often on skin that doesn't get much sun; Patches of skin that look pink, red, brown or gray. The color may be harder to see on Black and brown skin; Patches of skin that look lighter in color than the skin around them. This may be easier to see on Black and brown skin; Lumps that form on the skin and may break open; Lymph nodes that get bigger; Hair loss; Thickened skin on the palms of the hands and soles of the feet; A rash over all the skin that is scaly and itchy",,High
Peyronie disease,Cancer,Scar tissue; A bend to the penis.The penis might curve upward or downward or bend to one side; Erection problems; Shortening of the penis.The penis might become shorter during erections due to Peyronie disease; Pain in the penis.This symptom might happen with or without an erection; Other changes in how the penis looks; The curving and penile shortening linked with Peyronie disease might become worse over time; Pain during erections usually gets better within 1 to 2 years,,High
Scoliosis,Respiratory,"Change in posture; Shoulders that aren't even; One shoulder blade that looks bigger than the other; Waist that isn't even; One hip higher than the other; One side of the rib cage pushing forward; One side of the back poking out when bending forward; Most often with scoliosis, the spine rotates or twists as well as curving side to side",,Medium
Self-injury/cutting,Ear/Nose/Throat,"Scars, often in patterns; Fresh cuts, scratches, bruises, bite marks or other wounds; Excessive rubbing of an area to create a burn; Keeping sharp objects or other items used for self-injury on hand; Wearing long sleeves or long pants to hide self-injury, even in hot weather; Frequent reports of accidental injury; Difficulties in relationships with others; Behaviors and emotions that change quickly and are impulsive, intense and unexpected",There is no sure way to prevent someone's self-injuring behavior; Identify someone at risk and offer help; Encourage supportive social networks; Raise awareness.Learn about the warning signs of self-injury and what to do when you suspect it; Encourage friends to seek help; Talk about media influence,High
Common variable immunodeficiency,Cancer,"How bad symptoms are varies greatly between people withCVID; If you haveCVID, you'll likely have repeated infections before being diagnosed",,High
Cyclothymia (cyclothymic disorder),Mental Health,"Cyclothymia symptoms alternate between emotional highs and lows; Cyclothymia symptoms are similar to those of bipolar I or II disorder, but they're less severe",There's no sure way to prevent cyclothymia,Low
Ganglion cyst,Cancer,"Location; Shape and size.Ganglion cysts are round or oval. Some are too small to feel. The size of a cyst can change, often getting larger over time with joint movement; Pain.Ganglion cysts usually are painless. But if a cyst presses on a nerve or other structures, it can cause pain, tingling, numbness or muscle weakness",,High
Kidney cysts,Cancer,Dull pain in the back or side; Fever; Upper stomach pain,,High
Ovarian cysts,Ear/Nose/Throat,"Pelvic pain that may come and go. You may feel a dull ache or a sharp pain in the area below your bellybutton toward one side; Fullness, pressure or heaviness in your belly (abdomen); Bloating",There's no way to prevent most ovarian cysts,High
Pancreatic cysts,Digestive,"You may not have symptoms from pancreatic cysts, which are often found when imaging tests of the abdomen are done for another reason; When signs or symptoms of pancreatic cysts do occur, they typically include:","The best way to avoid pseudocysts is to avoid pancreatitis, which is usually caused by gallstones or heavy alcohol use",High
Pilonidal cyst,Musculoskeletal,"A pit near the top of the buttocks crease; Pain; Inflamed, swollen skin; Pus or blood leaking from an opening in the skin; An odor from draining pus","Wash regularly; Achieve or maintain a healthy weight; Avoid prolonged sitting; If you've had pilonidal cysts in the past, you might want to regularly shave the affected area or use hair removal products to reduce the risk of a new cyst",High
Epidermoid cysts,Skin,"A small, round bump under the skin, often on the face, neck or trunk; A tiny blackhead plugging the central opening of the cyst; A thick, smelly, cheesy substance that leaks from the cyst; An inflamed or infected bump",,High
Cytomegalovirus (CMV) infection,Infectious,"Cytomegalovirus (CMV) infections can cause symptoms such as fever, tiredness and a sore throat; People who are more likely to have symptoms of a CMV infection include:; CMV infection can cause illness when you're first infected","If you have a weakened immune system, your healthcare professional may recommend antiviral medicine to prevent a CMV infection; Vaccines for CMV aren't yet available",High
Narcolepsy,Musculoskeletal,Extreme daytime sleepiness; Automatic behaviors; Sudden loss of muscle tone; Sleep paralysis; Hallucinations; Changes in rapid eye movement (REM) sleep,,Medium
Ductal carcinoma in situ (DCIS),Cancer,"Ductal carcinoma in situ doesn't typically cause symptoms. This early form of breast cancer also is called DCIS; DCIS can sometimes cause symptoms such as:; A breast lump; Bloody nipple discharge; DCIS is usually found on a mammogram. It appears as tiny flecks of calcium in the breast tissue. These are calcium deposits, often referred to as calcifications",,High
Color blindness,Eye,You may have a color vision deficiency and not know it; People affected by color blindness may not be able to distinguish:; Different shades of red and green; Different shades of blue and yellow; Any colors; The most common color deficiency is an inability to see some shades of red and green,,Low
Gastroparesis,Cardiovascular,Vomiting; Nausea; Belly bloating; Belly pain; Feeling full after eating just a few bites and long after eating a meal; Vomiting undigested food eaten a few hours earlier; Acid reflux; Changes in blood sugar levels,,High
Delayed sleep phase,Other,"People with delayed sleep phase fall asleep and wake later than they want and later than usual sleep and wake times; Symptoms are persistent. They last at least three months and often for years. Symptoms may include:; Not being able to fall asleep at a typical bedtime, known as insomnia; Trouble waking up in the morning in time to go to work or school; Extreme daytime drowsiness; Trouble staying alert during the day",,Low
Frontotemporal dementia,Neurological,"Symptoms of frontotemporal dementia differ from one person to the next. Symptoms get worse over time, usually over years; People with frontotemporal dementia tend to have clusters of symptom types that occur together. They also may have more than one cluster of symptom types",,Low
Lewy body dementia,Neurological,"Visual hallucinations; Movement symptoms; Poor regulation of body functions; Cognitive changes; Trouble with sleep; Varying attention.Episodes of drowsiness, long periods of staring into space, long naps during the day or disorganized speech are possible; Depression or apathy.People with Lewy body dementia might develop depression or lose motivation",,High
Vascular dementia,Cardiovascular,"Vascular dementia symptoms vary, depending on the part of your brain where blood flow is impaired; Vascular dementia signs and symptoms include:; Vascular dementia symptoms may be most clear-cut when they occur suddenly following a stroke; Sometimes a characteristic pattern of vascular dementia symptoms follows a series of strokes or ministrokes; But vascular dementia can also develop very gradually, just like Alzheimer's disease dementia; Studies show that many people with dementia and evidence of brain vascular disease also have Alzheimer's disease",,High
Dengue fever,Cardiovascular,"Many people experience no signs or symptoms of a dengue infection; When symptoms do occur, they may be mistaken for other illnesses — such as the flu — and usually begin four to 10 days after you are bitten by an infected mosquito; Dengue fever causes a high fever — 104 F (40 C) — and any of the following signs and symptoms:; Headache; Muscle, bone or joint pain; Nausea; Vomiting; Pain behind the eyes",,High
Postpartum depression,Mental Health,"Symptoms of depression after childbirth vary, and they can range from mild to severe","If you have a history of depression — especially postpartum depression — tell your health care provider if you're planning on becoming pregnant or as soon as you find out you're pregnant; During pregnancy,your provider can monitor you closely for symptoms of depression; After your baby is born,your provider may recommend an early postpartum checkup to screen for symptoms of postpartum depression",High
Teen depression,Mental Health,"Suicide is often associated with depression. If you think you may hurt yourself or attempt suicide, call 911 or your local emergency number immediately; Also consider these options if you're having suicidal thoughts:; Call your mental health professional; Contact a suicide hotline; In the U; Or contact a crisis service for teenagers in the U; Seek help from your primary care doctor or other health care provider; Reach out to a close friend or loved one","Take steps to control stress,increase resilience and boost self-esteem to help handle issues when they arise; Practice self-care,for example by creating a healthy sleep routine and using electronics responsibly and in moderation; Reach out for friendship and social support,especially in times of crisis; Get treatment at the earliest sign of a problemto help prevent depression from worsening; Maintain ongoing treatment, if recommended,even after symptoms let up, to help prevent a relapse of depression symptoms",High
Atopic dermatitis (eczema),Respiratory,"Dry, cracked skin; Itchiness (pruritus); Rash on swollen skin that varies in color depending on your skin color; Small, raised bumps, on brown or Black skin; Oozing and crusting; Thickened skin; Darkening of the skin around the eyes; Raw, sensitive skin from scratching","Moisturize your skin at least twice a day; Take a daily bath or shower.Use warm, rather than hot, water and limit your bath or shower to about 10 minutes; Use a gentle, nonsoap cleanser; Pat dry.After bathing, gently pat the skin with a soft towel. Apply moisturizer while your skin is still damp (within three minutes); The triggers for atopic dermatitis vary widely from person to person; Common triggers for atopic dermatitis include:; Rough wool fabric; Dry skin",High
Contact dermatitis,Skin,"Contact dermatitis shows up on skin that has been directly exposed to the substance causing the reaction; Signs and symptoms of contact dermatitis vary widely and may include:; An itchy rash; Leathery patches that are darker than usual (hyperpigmented), typically on brown or Black skin; Dry, cracked, scaly skin, typically on white skin; Bumps and blisters, sometimes with oozing and crusting; Swelling, burning or tenderness","Avoid irritants and allergens; Wash your skin; Wear protective clothing or gloves; Apply an iron-on patch to cover metal fasteners next to your skin.This can help you avoid a reaction to jean snaps, for example; Apply a barrier cream or gel; Use moisturizer.Regularly applying moisturizing lotions can help restore your skin's outermost layer and keep your skin supple; Take care around pets",High
Neurodermatitis,Neurological,"An itchy, scaly skin patch or patches; Open sores that bleed; Thick, leathery skin; Discolored, wrinkled genital skin; Raised, rough patches that are inflamed or darker than the rest of the skin; The condition involves areas that can be reached for scratching — the scalp, neck, wrists, forearms, ankles, vulva, scrotum and anus",,High
Seborrheic dermatitis,Skin,"Flaking skin (dandruff) on your scalp, hair, eyebrows, beard or mustache; Patches of greasy skin covered with flaky white or yellow scales or crust on the scalp, face, sides of the nose, eyebrows, ears, eyelids, chest, armpits, groin area or under the breasts; Rash that may look darker or lighter in people with brown or Black skin and redder in those with white skin; Ring-shaped (annular) rash, for a type called petaloid seborrheic dermatitis; Itchiness (pruritus); The signs and symptoms of seborrheic dermatitis tend to flare with stress, fatigue or a change of season",,Low
Dermatographia (Dermatographism),Infectious,"Raised, inflamed lines where you scratched; Welts from friction; Swelling; Itching; The symptoms may occur within a few minutes of the skin being rubbed or scratched",Treat skin gently; Don't scratch your skin.Try not to scratch. This is a good tip for any skin condition; Keep your skin moisturized,Low
Athlete's foot,Infectious,"Scaly, peeling or cracked skin between the toes; Itchiness, especially right after taking off shoes and socks; Inflamed skin that might appear reddish, purplish or grayish, depending on your skin color; Burning or stinging; Blisters; Dry, scaly skin on the bottom of the foot that extends up the side","Let your feet air out.When you can, wear sandals to let your feet air out as much as possible; Wash your feet daily; Change socks regularly; Alternate pairs of shoes.Use different shoes from day to day. This gives your shoes time to dry after each use; Protect your feet in public places.Wear waterproof sandals or shoes around public pools, showers and lockers rooms; Be aware of the risk factors for spreading the condition.If you live with others, don't share shoes or unwashed bedding and towels",Low
Retinal detachment,Musculoskeletal,"The sudden appearance of tiny specks or squiggly lines that seem to drift through your field of vision. These are called floaters; Flashes of light in one or both eyes. These are called photopsias; Blurred vision; Side vision, also called peripheral vision, that becomes worse; A curtainlike shadow over your field of vision",,High
Neuromyelitis optica,Neurological,"Symptoms of neuromyelitis optica are related to the inflammation that occurs in the nerves of the eye and spinal cord; Vision changes caused byNMOare called optic neuritis. These may include:; Blurred vision or loss of vision in one or both eyes; Not being able to see color; Eye pain; Symptoms related to the spinal cord are called transverse myelitis. These may include:; Stiffness, weakness or numbness in the legs and sometimes in the arms; Loss of feeling in the arms or legs",,Low
Dermatofibrosarcoma protuberans,Cancer,"A lump or lumps on the skin that look like pimples, scars or birthmarks; A lump or lumps on the skin that may feel hard to the touch or rubberlike; A patch of skin that feels firm to the touch; The lumps typically appear on the arms, legs or trunk. They rarely form on the head or neck",,High
Diabetes,Neurological,Diabetes symptoms depend on how high your blood sugar is; Some of the symptoms of type 1 diabetes and type 2 diabetes are:; Feeling more thirsty than usual; Urinating often; Losing weight without trying; Presence of ketones in the urine. Ketones are a byproduct of the breakdown of muscle and fat that happens when there's not enough available insulin; Feeling tired and weak; Feeling irritable or having other mood changes,Eat healthy foods; Get more physical activity; Lose excess pounds; Sometimes drugs are an option,High
Gestational diabetes,Digestive,"Most of the time, gestational diabetes doesn't cause symptoms that are easy to notice. Being thirsty and urinating more often are possible symptoms",There is no sure way to prevent gestational diabetes; Keep active; Short bursts of activity add up. These might include parking further away from the store when you run errands or taking short walks throughout the day,Medium
Type 1 diabetes,Digestive,Feeling more thirsty than usual; Urinating a lot; Bed-wetting in children who have never wet the bed during the night; Feeling very hungry; Losing weight without trying; Feeling irritable or having other mood changes; Feeling tired and weak; Having blurry vision,There's no known way to prevent type 1 diabetes; Ask your provider if you might be eligible for one of these clinical trials,High
Type 1 diabetes in children,Digestive,"Increased thirst; Frequent urination, possibly bed-wetting in a toilet-trained child; Extreme hunger; Unintentional weight loss; Fatigue; Irritability or behavior changes; Fruity-smelling breath","There's currently no sure way to prevent type 1 diabetes, but this is a very active area of research; The antibodies associated with type 1 diabetes in children who have a high risk of the disorder can be detected months or even years before the first symptoms of type 1 diabetes appear; Preventing or delaying the start of type 1 diabetes in people who have a high risk of the disease; Preventing further destruction of the islet cells in people who are newly diagnosed",High
Type 2 diabetes,Cardiovascular,More thirst; More urination; More hunger; Weight loss; Tiredness; Blurred vision; Slow-healing sores; Frequent infections,"Healthy lifestyle choices can help prevent type 2 diabetes. If you have prediabetes, lifestyle changes may slow the condition or keep it from becoming diabetes; A healthy lifestyle includes the following:; Eat healthy foods.Choose foods lower in fat and calories and higher in fiber. Focus on fruits, vegetables and whole grains; Be active.Aim for 150 or more minutes a week of moderate to vigorous aerobic activity, such as brisk walking, bicycling, running or swimming; Lose weight; Don't sit for long.Sitting for long periods can raise the risk of type 2 diabetes. Get up every 30 minutes and move around for at least a few minutes; People with prediabetes may take metformin (Fortamet, Glumetza, others), a diabetes medicine, to lower the risk of type 2 diabetes",High
Type 2 diabetes in children,Endocrine,"Type 2 diabetes in children may develop so gradually that there are no noticeable symptoms. Sometimes, the disorder is diagnosed during a routine check-up; Some children might experience these signs and symptoms as a result of too much sugar in their bloodstreams:; Increased thirst; Frequent urination; Increased hunger; Fatigue; Blurry vision; Darkened areas of skin, most often around the neck or in the armpits and groin","Eat healthy foods.Offer your child foods low in fat and calories. Focus on fruits, vegetables and whole grains. Strive for variety to prevent boredom; Get more physical activity.Encourage your child to become active. Sign up your child for a sports team or dance lessons; Better yet, make it a family affair. The lifestyle choices that can help prevent type 2 diabetes in children can do the same for adults",High
Antibiotic-associated diarrhea,Infectious,Antibiotic-associated diarrhea is likely to begin about a week after you start taking an antibiotic,,High
Traveler's diarrhea,Digestive,Traveler's diarrhea may begin suddenly during your trip or shortly after you return home; The most common symptoms of traveler's diarrhea are:; Suddenly passing three or more looser watery stools a day; An urgent need to pass stool; Stomach cramps; Nausea; Vomiting; Fever,,High
Dysphagia,Other,"Pain while swallowing; Not being able to swallow; Feeling as if food is stuck in the throat or chest or behind the breastbone; Drooling; Hoarseness; Food coming back up, called regurgitation; Frequent heartburn; Food or stomach acid backing up into the throat","Although swallowing difficulties can't be prevented, you can reduce your risk of occasional difficulty swallowing by eating slowly and chewing your food well; If you haveGERD, see a healthcare professional for treatment",High
Foot drop,Neurological,"Foot drop makes it difficult to lift the front part of the foot, so it might drag on the floor when you walk; Depending on the cause, foot drop can affect one or both feet",,Medium
Desmoplastic small round cell tumors,Cancer,Desmoplastic small round cell tumor symptoms vary depending on where the cancer begins. Most often it begins in the abdomen; Signs and symptoms of desmoplastic small round cell tumors in the abdomen include:; Swelling of the abdomen; Abdominal pain; Constipation; Difficulty urinating,,High
Deep vein thrombosis (DVT),Blood,Deep vein thrombosis can occur without noticeable symptoms,"Move your legs; When traveling, take frequent breaks to stretch your legs",High
Painful intercourse (dyspareunia),Infectious,"Pain only at sexual entry, called penetration; Pain with every penetration, including putting in a tampon; Deep pain during thrusting; Burning pain or aching pain; Throbbing pain lasting hours after sex",,Low
Indigestion,Digestive,"Early fullness during a mealor not being able to finish a typical meal; Uncomfortable fullnessthat lasts longer than it should after a meal; Mild to severe painin the upper abdomen, which is the area between the bottom of your breastbone and your belly button; Burning sensationin the upper abdomen; Bloatingthat feels like swelling or tightness in the upper abdomen; Feeling the need to vomitor vomiting; Burpingor burping up food; Sometimes people with indigestion also experience heartburn",,High
Persistent depressive disorder,Mental Health,"Persistent depressive disorder symptoms usually come and go over a period of years; Symptoms of persistent depressive disorder can cause major problems in your life and may include:; Sadness, emptiness or feeling down; Loss of interest in daily activities; Tiredness and lack of energy; Low self-esteem, self-criticism or feeling you're not capable; Trouble focusing clearly and trouble making decisions; Problems getting things done well and on time","There's no sure way to prevent persistent depressive disorder; Strategies that may help reduce or prevent symptoms include the following:; Take steps to control stress,to increase your ability to recover from problems — which is called resilience — and to boost your self-esteem; Reach out to family and friends,especially in times of crisis, to help you get through rough spells; Get treatment at the earliest sign of a problemto help prevent symptoms from worsening; Consider getting long-term treatmentto help prevent a relapse of symptoms",High
Cervical dystonia,Musculoskeletal,The most common type of twisting associated with cervical dystonia is when your chin is pulled toward your shoulder; Many people who have cervical dystonia also experience neck pain that can radiate into the shoulders,,Medium
Swimmer's ear,Infectious,Swimmer's ear symptoms are usually mild at first,"Keep ears dry.After swimming or bathing, tip your head from side to side with the ear on each side facing down. This helps water drain from the ear canal; Dry only the outer ear by wiping it gently with a soft towel; At-home treatment to prevent swimmer's ear; Before and after swimming, pour 1 teaspoon (about 5 milliliters) of the mixture into each ear. Let it drain back out",High
Precocious puberty,Cancer,"Breast growth and first period in girls; Testicle and penis growth, facial hair and deeper voice in boys; Pubic or underarm hair; Rapid growth; Acne; Adult body odor",Keep anything that contains estrogen or testosterone away from children. These might include prescription medicines for adults or diet supplements; Encourage children to stay at a healthy weight,Medium
Bulimia nervosa,Neurological,"Living in fear of gaining weight and trying to lose weight in unhealthy ways; Repeatedly eating unusually large amounts of food in one sitting; Feeling a loss of control during binge eating. You may feel like you can't stop eating or can't control what you eat; Vomiting on purpose or exercising to extremes after binge eating so that you don't gain weight; Using medicines that make you urinate, called water pills or diuretics, or laxatives or enemas to pass stool when they're not needed; Fasting, limiting calories or not eating certain foods between binges; Using dietary supplements or herbal products for weight loss. These products can be dangerous; Being very unhappy with your body shape and weight","Promote and support a healthy body image in your children, no matter what their size or shape; Have regular, enjoyable family meals; Don't talk about weight or shape at home; Discourage dieting; Talk with your primary healthcare professional to look for early signs of an eating problem; If you notice a loved one or friend who seems to have food issues that could lead to or suggest an eating disorder, think about talking to the person about these issues and ask how you can help",High
Dyshidrosis,Musculoskeletal,"Dyshidrosis symptoms include painful, itchy and fluid-filled blisters on the sides of the fingers, the palms of the hands and the bottoms of the feet; With severe disease, the small blisters can merge to form larger blisters; Dyshidrosis tends to come back regularly for months or years","There's no way to prevent dyshidrosis. It may help to manage stress and avoid exposure to metal salts, such as cobalt and nickel; Good skin care practices may help protect the skin as well. These include:; Using mild, nonsoap cleansers and lukewarm water to wash your hands; Drying your hands well; Applying moisturizer at least twice a day; Wearing gloves",High
Erectile dysfunction,Cardiovascular,Trouble getting an erection; Trouble keeping an erection; Wanting sex less,"Work with your healthcare professional to manage diabetes, heart disease or other ongoing health conditions; Get regular checkups and medical screening tests; Stop smoking, limit or don't drink alcohol, and don't use illicit drugs; Exercise regularly; Find ways to ease stress; Get help for anxiety, depression or other mental health issues",Medium
Pulmonary edema,Cardiovascular,Pulmonary edema symptoms may appear suddenly or develop over time. Symptoms depend on the type of pulmonary edema,"You may be able to prevent pulmonary edema by managing existing heart or lung conditions and following a healthy lifestyle; For example, controlling cholesterol and blood pressure can help lower the risk of heart disease. Follow these tips to keep your heart healthy:",High
Pulmonary embolism,Cardiovascular,"Pulmonary embolism symptoms can vary greatly, depending on how much of your lung is involved, the size of the clots, and whether you have underlying lung or heart disease; Common symptoms include:; Shortness of breath.This symptom usually appears suddenly. Trouble catching your breath happens even when resting and gets worse with physical activity; Chest pain; Fainting.You may pass out if your heart rate or blood pressure drops suddenly. This is called syncope; Other symptoms that can occur with pulmonary embolism include:; A cough that may include bloody or blood-streaked mucus; Rapid or irregular heartbeat",Blood thinners (anticoagulants); Compression stockings; Leg elevation; Physical activity; Pneumatic compression,High
End-stage renal disease,Kidney/Urinary,"Nausea; Vomiting; Loss of appetite; Fatigue and weakness; Changes in how much you urinate; Chest pain, if fluid builds up around the lining of the heart; Shortness of breath, if fluid builds up in the lungs; Swelling of feet and ankles","Achieve and maintain a healthy weight; Be active most days; Limit protein and eat a balanced diet of nutritious, low-sodium foods; Control your blood pressure; Take your medications as prescribed; Have your cholesterol levels checked every year; Control your blood sugar level; Don't smoke or use tobacco products",High
Uterine polyps,Cancer,Some people have only light bleeding or spotting; others are symptom-free,,High
Goiter,Endocrine,"Most people with goiters have no signs or symptoms other than a swelling at the base of the neck; Other signs or symptoms depend on whether thyroid function changes, how quickly the goiter grows and whether it obstructs breathing",,Medium
Tennis elbow,Musculoskeletal,Shake hands or grip an object; Turn a doorknob; Hold a coffee cup,,Medium
Frontal lobe seizures,Cardiovascular,"Frontal lobe seizures often last less than 30 seconds. Sometimes recovery is immediate; Symptoms of frontal lobe seizures might include:; Head and eye movement to one side; Not responding to others or having trouble speaking; Explosive screams, including profanities or laughter; Body posturing. A common posture is extending one arm while the other flexes, as if the person is posing like a fencer; Repetitive movements. These may include rocking, bicycle pedaling or pelvic thrusting",,High
Parvovirus infection,Respiratory,"Symptoms of infection with parvovirus B19 appear about 5 to 10 days after contact with the virus; Many people don't have symptoms. But when symptoms do appear, they depend on your age and whether you have health issues that affect the blood or immune system",,Medium
E. coli,Digestive,"Diarrhea, which may range from mild and watery to severe and bloody; Stomach cramping, pain or tenderness; Nausea and vomiting, in some people",No vaccine or medication can protect you fromE,High
Hirsutism,Musculoskeletal,"Hirsutism is stiff or dark body hair, appearing on the body where women don't commonly have hair — primarily the face, chest, lower abdomen, inner thighs and back; When high androgen levels cause hirsutism, other signs might develop over time, a process called virilization. Signs of virilization might include:","Hirsutism generally isn't preventable. But losing weight if you're overweight might help reduce hirsutism, particularly if you have polycystic ovary syndrome",High
Acromegaly,Cancer,Thick ears and lips; A broad nose; Enlarged hands and feet; A jutting brow or jaw; Gaps between teeth; An enlarged tongue; An expanded rib cage that may cause the chest to have a round shape; Skin changes can include:,,High
Heavy menstrual bleeding,Ear/Nose/Throat,"Soaking through one or more sanitary pads or tampons every hour for several hours in a row; Needing double sanitary protection to control your menstrual flow; Getting up at night to change sanitary pads or tampons; Bleeding for more than a week; Passing blood clots larger than a quarter; Limiting daily activities due to heavy menstrual flow; Feeling tired, fatigued or short of breath as the result of blood loss",,High
Bell's palsy,Neurological,"Mild weakness to total paralysis on one side of the face — occurring within hours to days; Facial droop and trouble making facial expressions, such as closing an eye or smiling; Drooling; Pain around the jaw or pain in or behind the ear on the affected side; Increased sensitivity to sound on the affected side; Headache; Loss of taste; Changes in the amount of tears and saliva produced",,High
Flatfeet,Ear/Nose/Throat,Most people have no symptoms associated with flatfeet,,Low
Tetralogy of Fallot,Cardiovascular,"Blue or gray skin color; Shortness of breath and rapid breathing, especially during feeding or exercise; Trouble gaining weight; Getting tired easily during play or exercise; Irritability; Crying for long periods of time; Fainting","Because the exact cause of most congenital heart defects is unknown, it may not be possible to prevent these conditions; There are some steps you can take to help reduce your child's overall risk of birth defects, such as:; Get proper prenatal care.Regular checkups with a healthcare team during pregnancy can help keep mom and baby healthy; Take a multivitamin with folic acid; Don't drink or smoke.These lifestyle habits can harm a baby's health. Also avoid secondhand smoke; Get a rubella (German measles) vaccine.A rubella infection during pregnancy may affect a baby's heart development. Get vaccinated before trying to get pregnant; Control blood sugar.If you have diabetes, good control of your blood sugar can reduce the risk of congenital heart defects; Manage chronic health conditions",High
Familial Mediterranean fever,Musculoskeletal,"Signs and symptoms of familial Mediterranean fever (FMF) usually begin during childhood; Signs and symptoms of FMF attacks vary, but can include:; The attacks generally resolve spontaneously after a few days; In some people, the first sign of FMF is amyloidosis",,Medium
Familial adenomatous polyposis,Cancer,"The main sign of FAP is hundreds or even thousands of polyps growing in your colon and rectum, usually starting by your mid-teens","Preventing FAP is not possible, since it is an inherited genetic condition; If you have FAP, you will need regular screening, followed by surgery if needed",High
Factitious disorder,Ear/Nose/Throat,"Factitious disorder symptoms involve people trying to look ill, making themselves ill or hurting themselves; Factitious disorder symptoms may include:; Clever and convincing medical or mental health problems; Deep knowledge of medical terms and diseases; Vague symptoms or symptoms that aren't consistent; Conditions that get worse for no clear reason; Conditions that don't respond as expected to standard treatments; Seeking treatment from many healthcare professionals or hospitals, which may include using a fake name","Because the cause of factitious disorder isn't known, there's no way to prevent it",High
Fuchs dystrophy,Eye,"Blurred or cloudy vision, sometimes described as a lack of clear vision; Changes in vision throughout the day; Glare, which can decrease your vision in dim and bright light; Seeing halos around lights; Pain or grittiness from tiny blisters on the surface of your cornea",,Medium
Cold sore,Respiratory,"Tingling and itching.Many people feel itching, burning or tingling around the lips for a day or so before a small, hard, painful spot appears and blisters form; Blisters.Small fluid-filled blisters often form along the border of the lips. Sometimes they appear around the nose or cheeks or inside the mouth; Oozing and crusting.The small blisters may merge and then burst. This can leave shallow open sores that ooze and crust over; Symptoms vary, depending on whether this is your first outbreak or a recurrence; In a first-time outbreak, you also might experience:; Fever; Painful gums; Sore throat","Your health care provider may prescribe an antiviral medicine for you to take on a regular basis if you develop cold sores more than nine times a year or if you're at high risk of serious complications; Take these steps to help avoid spreading cold sores to other people:; Avoid kissing and skin contact with people while blisters are present.The virus spreads most easily when the blisters leak fluid; Avoid sharing items.Utensils, towels, lip balm and other personal items can spread the virus when blisters are present; Keep your hands clean.When you have a cold sore, wash your hands carefully before touching yourself and other people, especially babies",High
Familial hypercholesterolemia,Cardiovascular,"Adults and children who have familial hypercholesterolemia have very high levels of low-density lipoprotein (LDL) cholesterol in their blood; This excess cholesterol is sometimes deposited in certain portions of the skin, some tendons and around the iris of the eyes:",,High
Uterine fibroids,Cancer,"Many people who have uterine fibroids don't have any symptoms. In those who do, symptoms can be influenced by the location, size and number of fibroids; The most common symptoms of uterine fibroids include:; Heavy menstrual bleeding or painful periods; Longer or more frequent periods; Pelvic pressure or pain; Frequent urination or trouble urinating; Growing stomach area; Constipation",Researchers continue to study the causes of fibroid tumors; You might be able to lower your fibroid risk with healthy lifestyle changes; Some research suggests that birth control pills or long-acting progestin-only contraceptives may lower the risk of fibroids,High
Interstitial lung disease,Respiratory,Shortness of breath at rest or shortness of breath that worsens with physical activity; Dry cough,"To prevent interstitial lung disease, avoid exposure to toxins at work, such as asbestos, coal dust and silica dust; If you have an autoimmune disease or are taking medicines that raise your risk of getting ILD, talk with your healthcare professional about steps you can take to prevent ILD",High
Pulmonary fibrosis,Respiratory,"Shortness of breath; Dry cough; Extreme tiredness; Weight loss that's not intended; Aching muscles and joints; Widening and rounding of the tips of the fingers or toes, called clubbing; How fast pulmonary fibrosis worsens over time and how severe the symptoms are can vary greatly from person to person",,High
Arteriovenous fistula,Cardiovascular,"Small arteriovenous fistulas in the legs, arms, lungs, kidneys or brain often won't have any signs or symptoms; Arteriovenous fistula signs and symptoms may include:; A significant arteriovenous fistula in the lungs (pulmonary arteriovenous fistula) is a serious condition and can cause:; An arteriovenous fistula in the digestive tract can cause gastrointestinal (GI) bleeding",,Medium
Gas and gas pains,Digestive,"Burping is normal, particularly during or right after a meal",,High
Eye floaters,Eye,"Small shapes in your vision that appear as dark specks or knobby, transparent strings of floating material; Spots that move when you move your eyes, so when you try to look at them, they move quickly out of your line of vision; Spots that are most noticeable when you look at a plain bright background, such as a blue sky or a white wall; Small shapes or strings that eventually settle down and drift out of the line of vision",,High
Influenza (flu),Respiratory,The viruses that cause flu spread at high levels during certain times of the year in the Northern and Southern hemispheres; Symptoms of the flu such as a sore throat and a runny or stuffy nose are common; Other common flu symptoms include:; Fever; Cough; Headache; Muscle aches; Feeling very tired,"The U; Getting a flu vaccine lowers:; The risk of getting the flu. If the vaccine is given later in pregnancy, the flu vaccine helps protect a newborn from the flu too; The risk of having serious illness from the flu and needing to stay in the hospital due to the flu; The risk of dying of the flu; The 2024-2025 seasonal flu vaccines each provide protection against three influenza viruses that researchers expect to be the most common this flu season; The vaccine is available as a shot, a jet injector and a nasal spray; For older children and adults, the flu shot is usually given in a muscle in the arm. Younger children may get the flu shot in a thigh muscle",High
H1N1 flu (swine flu),Respiratory,"The symptoms of flu caused by H1N1, commonly called the swine flu, are similar to those of other flu viruses; Symptoms usually start quickly and can include:; Fever, but not always; Aching muscles; Chills and sweats; Cough; Sore throat; Runny or stuffy nose","The Centers for Disease Control and Prevention (CDC) recommends annual flu vaccination for everyone age 6 months or older; The flu vaccine can lower your risk of getting the flu. It also can lower the risk of having serious illness from the flu and needing to stay in the hospital; Each year's seasonal flu vaccine protects against the three or four influenza viruses; Flu vaccination is especially important because the flu and coronavirus disease 2019 (COVID-19) cause similar symptoms; BothCOVID-19and the flu may be spreading at the same time; Vaccination also helps lower the number of people with severe flu and complications. And that may lower the number of people needing to stay in the hospital; The flu vaccine is available as an injection and as a nasal spray; The nasal spray is approved for people between 2 and 49 years old. It isn't recommended for some groups, such as:",High
Pericardial effusion,Cardiovascular,"Pericardial effusion may not cause any noticeable signs and symptoms, particularly if the fluid has increased slowly; If pericardial effusion signs and symptoms do occur, they might include:",,High
Food poisoning,Digestive,Symptoms vary depending on what is causing the illness. They may begin within a few hours or a few weeks depending on the cause; Common symptoms are:; Upset stomach; Vomiting; Diarrhea; Diarrhea with bloody stools; Stomach pain and cramps; Fever,"Handwashing.Wash your hands with soap and water for at least 20 seconds. Do this after using the toilet, before eating, and before and after handling food; Wash fruits and vegetables.Rinse fruits and vegetables under running water before eating, peeling or preparing; Wash kitchen utensils thoroughly.Wash cutting boards, knives and other utensils with soapy water after contact with raw meats or unwashed fruits and vegetables; Don't eat raw or undercooked meat or fish; Refrigerate or freeze leftovers; Cook leftovers safely; Throw it out when in doubt; Throw out moldy food",High
Broken foot,Musculoskeletal,"Instant throbbing pain; Pain that gets worse with activity and gets better with rest; Swelling; Bruising; Tenderness; Change in the typical shape of the foot, called deformity; Trouble or pain with walking or putting weight on the foot; Bone sticking through the skin, called an open fracture",Wear proper shoes.Use hiking shoes on rough terrain. Choose the right athletic shoes for your sport; Replace athletic shoes when needed; Start slowly.That applies to a new fitness program and to every workout you do; Have a balanced fitness program; Build bone strength; Use night lights.Many broken toes are the result of walking in the dark; Get rid of clutter in your home.Keeping clutter off the floor can help you not trip and fall,Medium
Patent foramen ovale,Cardiovascular,Patent foramen ovale occurs in about 1 in 4 people,,High
Growth plate fractures,Musculoskeletal,"Pain and tenderness, particularly in response to pressure on the growth plate; Inability to move the affected area or to put weight or pressure on the limb; Warmth and swelling at the end of a bone, near a joint; If you suspect a fracture, take your child to be examined by a doctor",,Medium
Broken leg,Musculoskeletal,"The thighbone (femur) is the strongest bone in the body; Signs and symptoms of a broken leg may include:; Severe pain, which may worsen with movement; Swelling; Tenderness; Bruising; Obvious deformity or shortening of the affected leg; Inability to walk",Build bone strength; Wear proper athletic shoes; Cross-train,High
Stress fractures,Musculoskeletal,"At first, you might barely notice the pain from a stress fracture",Simple steps can help you prevent stress fractures,Medium
Broken ribs,Respiratory,A deep breath; Pressure on the injured area; A bend or a twist of the body,Protect from athletic injuries.Wear protective equipment when playing contact sports; Reduce the risk of falls in the house; Strengthen bones,High
Focal segmental glomerulosclerosis (FSGS),Endocrine,"Swelling, called edema, in the legs and ankles, around the eyes and in other body parts; Weight gain from fluid buildup; Foamy urine from protein buildup, called proteinuria",,Medium
Nail fungus,Infectious,"Thickened; Discolored; Brittle, crumbly or ragged; Misshapen; Separated from the nail bed; Smelly; Nail fungus can affect fingernails, but it's more common in toenails",Keep your nails clean and dry; Keep your nails trimmed; Wear absorbent socks or change your socks throughout the day; Choose shoes made of materials that breathe; Discard old shoes or treat them with disinfectants or antifungal powders; Wear footwear in pool areas and locker rooms; Choose a nail salon that uses sterilized manicure tools for each customer. Or disinfect tools you use for home pedicures; Give up nail polish and artificial nails,High
Pectus excavatum,Cardiovascular,"For many people with pectus excavatum, the only symptom is a slight dip in their chests; In people with pectus excavatum, the breastbone may compress the lungs and heart. Symptoms can include:; A fast-beating, fluttering or pounding heart; Chest pain; Loss of endurance that becomes worse over time; Shortness of breath or extreme tiredness during physical activity; A high-pitched whistling sound made while breathing that's triggered by exercise; Fainting or dizziness",,Medium
Cholecystitis,Cancer,Severe pain in the upper right or center belly area; Pain that spreads to the right shoulder or back; Tenderness over the belly area when it's touched; Nausea; Vomiting; Fever; Cholecystitis symptoms often come on after a meal. A large or fatty meal is most likely to cause symptoms,Lose weight slowly.Fast weight loss can raise the risk of gallstones; Be at a healthy weight; Choose a healthy-eating plan,High
Dumping syndrome,Digestive,Late dumping syndrome starts 1 to 3 hours after you eat a high-sugar meal; Signs and symptoms of late dumping syndrome can include:; Some people have both early and late signs and symptoms. And dumping syndrome can develop years after surgery,,Medium
Viral gastroenteritis (stomach flu),Digestive,"Depending on the cause, viral gastroenteritis symptoms may appear within 1-3 days after you're infected and can range from mild to severe; Because the symptoms are similar, it's easy to confuse viral diarrhea with diarrhea caused by bacteria, such as Clostridioides difficile, salmonella and Escherichia coli, or parasites, such as giardia","Wash your hands thoroughly.And make sure your children do, too. If your children are older, teach them to wash their hands, especially after using the toilet; Wash your hands after changing diapers and before preparing or eating food, too",High
Glioblastoma,Cancer,"Headache, particularly one that hurts the most in the morning; Nausea and vomiting; Confusion or a decline in brain function, such as problems with thinking and understanding information; Memory loss; Personality changes or irritability; Vision changes, such as blurred vision, double vision or loss of peripheral vision; Speech difficulties; Trouble with balance or coordination",,High
Gender dysphoria,Infectious,"Gender identity is having the internal sense of being male or female or being somewhere along the gender spectrum, or having an internal sense of gender that is beyond male and female; Gender dysphoria might start in childhood and continue into the teen years and adulthood; Some teens might express their feelings of gender dysphoria to their parents or a healthcare professional",,Low
Gaucher disease,Digestive,"Some symptoms are shared by all types of Gaucher disease, but each type varies in important ways",,High
Celiac disease,Digestive,"Diarrhea; Fatigue; Weight loss; Bloating and gas; Abdominal pain; Nausea and vomiting; Constipation; However, more than half the adults with celiac disease have symptoms that are not related to the digestive system, including:",,High
Blood in urine (hematuria),Eye,"Blood in the urine can look pink, red or cola-colored. Red blood cells cause the urine to change color. It takes only a small amount of blood to turn urine red; The bleeding often isn't painful. But if blood clots get passed in the urine, that can hurt",,Medium
Gingivitis,Musculoskeletal,"Swollen or puffy gums; Bright red or dark red gums, or gums that are darker than usual; Gums that bleed easily when you brush or floss; Tender gums; Bad breath",Practice good oral care; Go to the dentist regularly; Take steps to lead a healthy lifestyle,High
Periodontitis,Infectious,"Healthy gums are firm and fit snugly around teeth; Symptoms of periodontitis can include:; Swollen or puffy gums; Bright red, dark red or dark purple gums; Gums that feel tender when touched; Gums that bleed easily; A toothbrush that looks pink after brushing your teeth; Spitting out blood when brushing or flossing your teeth",The best way to prevent periodontitis is to get into the habit of taking good care of your mouth and teeth; Good oral care; Regular dental visits,Medium
Enlarged breasts in men (gynecomastia),Endocrine,"Pain, especially in teenagers; Swollen breast tissue; Tender breasts; Sensitive nipples when they rub against clothes","Don't use drugs.Examples include anabolic steroids, amphetamines, heroin and marijuana; Limit or stay away from alcohol.It helps not to drink alcohol. If you do drink, do so in moderation. That means no more than two drinks a day for men",High
Trichotillomania (hair-pulling disorder),Infectious,"Repeatedly pulling out your hair, whether it's automatic or on purpose, usually from your scalp, eyebrows or eyelashes, but sometimes from other body areas; An increasing sense of tension before pulling out your hair, or when you try to resist pulling; A sense of pleasure or relief after the hair is pulled out; Hair loss that's easy to see, such as shortened hair or thinned or bald areas on the scalp or other areas of your body; Pulling out specific types of hair, taking the same steps in the same way each time hair is pulled out or pulling out hair in certain patterns; Biting, chewing or eating pulled-out hair; Playing with pulled-out hair or rubbing it across your lips or face; Repeatedly trying to stop pulling out your hair or trying to do it less often without success",,High
Black hairy tongue,Infectious,"Black color of the tongue, but the color may be brown, green, yellow or white; A hairy or furry look to the tongue; Changed taste or a metallic taste in your mouth; Bad breath; Gagging or tickling feeling in your mouth, if the papillae are very large; Rarely, a burning feeling on the tongue if hairy black tongue is caused by a yeast or bacterial infection",,Low
Bad breath,Mental Health,"Bad breath odors vary, depending on the cause",,Medium
Hepatitis A,Digestive,"Unusual tiredness and weakness; Sudden nausea and vomiting and diarrhea; Abdominal pain or discomfort, especially on the upper right side beneath your lower ribs, which is over your liver; Clay- or gray-colored stool; Loss of appetite; Low-grade fever; Dark urine; Joint pain","The hepatitis A vaccine can prevent infection with the virus; The Centers for Disease Control and Prevention recommends the hepatitis A vaccine for the following people:; All children at age 1 year, or older children who didn't receive the childhood vaccine; Anyone age 1 year or older who is homeless; Infants ages 6 to 11 months traveling to parts of the world where hepatitis A is common; Family and caregivers of adoptees from countries where hepatitis A is common; People in direct contact with others who have hepatitis A; Laboratory workers who may come into contact with hepatitis A",Medium
Hepatitis B,Cancer,"Symptoms of acute hepatitis B range from mild to serious; Hepatitis B symptoms may include:; Pain in the stomach area, also called the abdomen; Dark urine; Fever; Joint pain; Loss of appetite; Upset stomach and vomiting","The hepatitis B vaccine is the main way to prevent infection withHBV; In the United States, the Advisory Committee on Immunization Practices recommends that infants get their first shot of the vaccine after they're born; The hepatitis B vaccine is strongly recommended for:; Newborns; Children and adolescents not vaccinated at birth; Those who work or live in centers for people who have developmental disabilities; People who live with someone who has hepatitis B; Healthcare workers, emergency workers and other people who come into contact with blood",High
Hepatocellular carcinoma,Cancer,"Hepatocellular carcinoma might not cause symptoms that are noticed right away; If signs and symptoms of hepatocellular carcinoma develop, they may include:; Losing weight without trying; Loss of appetite; Upper abdominal pain; A growth in the abdomen; Yellowing of the skin and the whites of the eyes, known as jaundice; Make an appointment with a doctor or other healthcare professional if you have any symptoms that worry you","Drink alcohol in moderation, if at all; Maintain a healthy weight; Infection with the hepatitis B virus increases the risk of hepatocellular carcinoma; Infection with the hepatitis C virus increases the risk of hepatocellular carcinoma; Know the health status of any sexual partner; Don't use intravenous drugs, but if you do, use a clean needle; Seek safe, clean shops when getting a piercing or tattoo; Treatments are available for hepatitis B and hepatitis C infections. Research shows that treatment can reduce the risk of hepatocellular carcinoma",Low
Hepatitis C,Digestive,"Every long-term hepatitis C infection starts with what's called an acute phase; Long-term infection with the hepatitis C virus is called chronic hepatitis C; Symptoms can include:; Bleeding easily; Bruising easily; Fatigue; Not wanting to eat; Yellowing of the skin, called jaundice. This might show up more in white people. Also, yellowing of the whites of the eyes in white, Black and brown people","Stop using illegal drugs.If you use illegal drugs, seek help; Be careful about body piercing and tattooing; Practice safer sex",High
Coma,Cardiovascular,"Closed eyes; Depressed brainstem reflexes, such as pupils not responding to light; No responses of limbs except for reflex movements; No response to painful stimuli except for reflex movements; Irregular breathing",,High
Chronic daily headaches,Neurological,"By definition, chronic daily headaches occur 15 days or more a month, for longer than three months; There are short-lasting and long-lasting chronic daily headaches. Long-lasting headaches last more than four hours. They include:; Chronic migraine; Chronic tension-type headache; New daily persistent headache; Hemicrania continua",Taking care of yourself might help ease chronic daily headaches; Avoid headache triggers; Avoid medication overuse; Get enough sleep; Don't skip meals; Exercise regularly; Reduce stress; Reduce caffeine,High
Migraine,Neurological,Migraines can affect children and teenagers as well as adults,,High
Cough headaches,Neurological,"Secondary cough headaches often present with only a cough headache, but you may also experience:; A cough headache only happens right after coughing","While these steps may help prevent a cough headache, any headache related to coughing or straining should always be checked by your provider",High
Sex headaches,Neurological,"In some people, both types of headaches are combined; Most sex headaches last at least several minutes. Others may linger for hours or even 2 to 3 days; Many people who have sex headaches will experience them in clusters over a few months, and then they may go for a year or more without having any",Sometimes sex headaches can be prevented by stopping sexual activity before orgasm. Taking a more passive role during sex also may help,High
Spinal headaches,Neurological,"Dull, throbbing pain that varies in intensity from mild to very severe; Pain that typically gets worse when you sit up or stand and decreases or goes away when you lie down; Spinal headaches are often accompanied by:; Dizziness; Ringing in the ears (tinnitus); Hearing loss; Blurred or double vision; Sensitivity to light (photophobia)",,High
Tension headache,Neurological,"Dull, aching head pain; Feeling of tightness or pressure across the forehead or on the sides and back of the head; Tenderness in the scalp, neck and shoulder muscles; Tension-type headaches are divided into two main categories — episodic and chronic","Biofeedback training; Cognitive behavioral therapy.This type of talk therapy may help you learn to manage stress. Doing this may help you have fewer or less painful headaches; Other relaxation techniques; Using medicines along with stress management may be more effective than any one treatment in reducing your tension-type headaches; Also, living a healthy lifestyle may help prevent headaches:; Get enough, but not too much, sleep; Don't smoke; Stay physically active",High
Thunderclap headaches,Neurological,"Strikes suddenly and severely; Peaks within 60 seconds; Can be accompanied by nausea or vomiting; Thunderclap headaches might be accompanied by other signs and symptoms, such as:; Altered mental state; Fever; Seizures; These signs and symptoms might reflect the underlying cause",,High
Illness anxiety disorder,Mental Health,Being preoccupied with having or getting a serious disease or health condition; Worrying that minor symptoms or body sensations mean you have a serious illness; Being easily alarmed about your health status; Finding little or no reassurance from doctor visits or negative test results; Worrying excessively about a specific medical condition or your risk of developing a medical condition because it runs in your family; Having so much distress about possible illnesses that it's hard for you to function; Repeatedly checking your body for signs of illness or disease; Frequently making medical appointments for reassurance — or avoiding medical care for fear of being diagnosed with a serious illness,"Little is known about how to prevent illness anxiety disorder, but these suggestions may help; If you have problems with anxiety, seek professional adviceas soon as possible to help stop symptoms from getting worse and impairing your quality of life; Learn to recognize when you're stressed and how this affects your body— and regularly practice stress management and relaxation techniques; Stick with your treatment planto help prevent relapses or worsening of symptoms",High
Congenital heart disease in adults,Cardiovascular,"Some people born with a heart problem don't notice symptoms until later in life. Symptoms also may return years after a congenital heart defect is treated; Common congenital heart disease symptoms in adults include:; Irregular heartbeats, called arrhythmias; Blue or gray skin, lips and fingernails due to low oxygen levels. Depending on the skin color, these changes may be harder or easier to see; Shortness of breath; Feeling tired very quickly with activity; Swelling due to fluid collecting inside body tissues, called edema","Because the exact cause of most congenital heart disease is unknown, it may not be possible to prevent these heart conditions",High
Plantar fasciitis,Musculoskeletal,Plantar fasciitis typically causes a stabbing pain in the bottom of your foot near the heel,,Medium
Liver hemangioma,Cancer,"In most cases, a liver hemangioma doesn't cause any signs or symptoms",,High
Intracranial hematoma,Neurological,"Symptoms of an intracranial hematoma may develop right after a head injury, or they may take weeks or longer to appear; Over time, pressure on the brain increases, producing some or all of the following symptoms:; Headache that gets worse; Vomiting; Drowsiness and gradual loss of consciousness; Dizziness; Confusion; Pupils that are different sizes",Wear a helmet and make sure your kids wear helmets; Buckle your seat belt and make sure your kids are buckled in.Do so every time you drive or ride in a motor vehicle; Protect young children,High
Autoimmune hepatitis,Digestive,"Fatigue; Belly discomfort; Yellowing of the skin and whites of the eyes, called jaundice. Depending on skin color, this change may be harder or easier to see; An enlarged liver; Irregular blood vessels on the skin, called spider angiomas; Skin rash; Joint pain; Loss of menstrual periods",,High
Toxic hepatitis,Digestive,Yellowing of the skin and whites of the eyes (jaundice); Itching; Abdominal pain in the upper right portion of the abdomen; Fatigue; Loss of appetite; Nausea and vomiting; Rash; Fever,Limit medications; Take medications only as directed; Be cautious with herbs and supplements; Don't mix alcohol and drugs; Take precautions with chemicals; Keep medications and chemicals away from children,High
Wilson's disease,Neurological,"Wilson's disease is present at birth, but symptoms don't appear until copper levels build up in the brain, liver, eyes or another organ; These symptoms can include:; Tiredness and loss of appetite; A yellowing of the skin and the whites of the eye, known as jaundice; Golden-brown or copper-colored rings around the irises of the eyes, known as Kayser-Fleischer rings; Fluid buildup in the legs or stomach area; Problems with speech, swallowing or physical coordination; Depression, mood changes and personality changes",,High
Enlarged liver,Cardiovascular,"An enlarged liver might not cause symptoms; When enlarged liver results from liver disease, it might be accompanied by:; When to see a doctor; Make an appointment with your doctor if you have symptoms that worry you","Use supplements with caution; Herbs and supplements to avoid include black cohosh, ma huang and other Chinese herbs, comfrey, germander, greater celandine, kava, pennyroyal, skullcap, and valerian",High
Hemochromatosis,Cardiovascular,Some people with hemochromatosis never have symptoms. Early symptoms often overlap with those of other common conditions; Symptoms may include:; Joint pain; Belly pain; Fatigue; Weakness; Diabetes; Loss of sex drive,,High
Charcot-Marie-Tooth disease,Neurological,"As Charcot-Marie-Tooth disease progresses, symptoms may spread from the feet and legs to the hands and arms",,Medium
Lynch syndrome,Cancer,"Colon cancer before age 50; Cancer of the inside lining of the uterus (endometrial cancer) before age 50; A personal history of more than one type of cancer; A family history of cancer before age 50; A family history of other cancers caused by Lynch syndrome, including stomach cancer, ovarian cancer, pancreatic cancer, kidney cancer, bladder cancer, ureteral cancer, brain cancer, small bowel cancer, gallbladder cancer, bile duct cancer and skin cancer",,High
Hiatal hernia,Cardiovascular,"Heartburn; Backward flow of swallowed food or liquids into the mouth, called regurgitation; Backflow of stomach acid into the esophagus, called acid reflux; Trouble swallowing; Chest or abdominal pain; Feeling full soon after you eat; Shortness of breath; Vomiting of blood or passing of black stools, which could mean bleeding in the digestive tract",,Medium
Umbilical hernia,Digestive,An umbilical hernia creates a soft swelling or bulge near the navel; Umbilical hernias in children are usually painless. Umbilical hernias that appear during adulthood may cause abdominal discomfort,,High
Shingles,Infectious,"Some people also experience:; Pain is usually the first symptom of shingles; Most commonly, the shingles rash develops as a stripe of blisters that wraps around either the left or right side of the torso","A shingles vaccine may help prevent shingles; Shingrix is approved and recommended for people age 50 and older, whether they've had shingles or not; Shingrix is also recommended for people who are 19 years of age and older who have weakened immune systems due to disease or medication; Shingrix is a nonliving vaccine made of a virus component; The shingles vaccine doesn't guarantee that you won't get shingles; Talk to your health care provider about your vaccination options if you:; The shingles vaccine is used only as a way to prevent shingles. It's not intended to treat people who currently have the disease",High
Ramsay Hunt syndrome,Neurological,"Usually, the rash and the facial paralysis occur at the same time. Sometimes one can happen before the other. Other times, the rash never occurs; If you have Ramsay Hunt syndrome, you might also experience:","Children are now routinely vaccinated against chickenpox, which greatly reduces the chances of becoming infected with the chickenpox virus",Medium
Genital herpes,Infectious,"Most people infected withHSVdon't know they have it. They may have no symptoms or have very mild symptoms; Symptoms start about 2 to 12 days after exposure to the virus. They may include:; Pain or itching around the genitals; Small bumps or blisters around the genitals, anus or mouth; Painful ulcers that form when blisters rupture and ooze or bleed; Scabs that form as the ulcers heal; Painful urination; Discharge from the urethra, the tube that releases urine from the body","Prevention of genital herpes is the same as preventing other sexually transmitted infections; Have one long-term sexual partner who has been tested forSTIs and isn't infected; Use a condom or dental dam during sexual activity. These reduce the risk of disease, but they don't prevent all skin-to-skin contact during sex; Don't have sex when a partner with genital herpes has symptoms",High
Secondary hypertension,Cardiovascular,"Like primary hypertension, secondary hypertension usually has no specific symptoms, even if blood pressure has reached dangerously high levels; For people diagnosed with high blood pressure, having any of these signs may mean the condition is secondary hypertension:",,High
Priapism,Infectious,Priapism symptoms vary depending on the type of priapism. The two main types of priapism are ischemic priapism and nonischemic priapism,,High
Chronic hives,Infectious,"Batches of welts, called weals, that can arise anywhere on the body; Welts that might be red, purple or skin-colored, depending on your skin color; Welts that vary in size, change shape, and appear and fade repeatedly; Itchiness, also called pruritus, which can be intense; Painful swelling, called angioedema, around the eyes, cheeks or lips; Flares triggered by heat, exercise or stress; Symptoms that persist for more than six weeks and recur often and anytime, sometimes for months or years","Avoid known triggers.If you know what has triggered your hives, try to avoid that substance; Bathe and change your clothes",High
Stye (sty),Eye,Another condition that causes inflammation of the eyelid is a chalazion,,Low
Horner syndrome,Neurological,"Signs and symptoms, particularly ptosis and anhidrosis, may be subtle and difficult to detect",,High
HPV infection,Cancer,"Genital warts; In men, genital warts appear on the penis and scrotum or around the anus. Genital warts rarely cause discomfort or pain. But they might itch or feel tender",It's hard to prevent HPV infections that cause common warts,High
Kyphosis,Neurological,Mild kyphosis may not have any noticeable symptoms,,Medium
Progeria,Cardiovascular,"Usually within the first year of life, you'll notice that your child's growth has slowed. But motor development and intelligence are not affected; Symptoms of this progressive disorder cause a distinctive appearance. They include:; Slowed growth and poor weight gain, with below-average height and weight; Lack of fat that's stored just beneath the skin; Head that is large compared with the face; Small jaw, chin and mouth and thin lips; Thin, curved nose with a slight hook at the end, which may look like a bird's beak; Large eyes and eyelids that don't close completely",,High
High cholesterol,Cardiovascular,High cholesterol has no symptoms. A blood test is the only way to find out if you have it,"Eat a diet that focuses on lean protein, fruits, vegetables and whole grains. Limit sodium and added sugar; Also limit the amount of saturated and trans fats you eat. Instead, eat foods with healthy fats such as fatty or oily fish, nuts, and olive or canola oil; Lose extra weight and keep it off; If you smoke, ask your care team to help you quit; Exercise on most days of the week for at least 30 minutes; Drink less alcohol, if at all. Limit alcohol to no more than up to one drink a day for women and up to two drinks a day for men",High
Cushing syndrome,Cardiovascular,Symptoms of Cushing syndrome can vary depending on the level of extra cortisol,,Medium
Farsightedness,Eye,"Nearby objects appear blurry; You need to squint to see clearly; You have eyestrain, including burning eyes and aching in or around the eyes; You have general eye discomfort or a headache after doing close tasks, such as reading, writing, computer work or drawing, for a time",,High
Compulsive sexual behavior,Mental Health,"You have repeated and intense sexual fantasies, urges, and behaviors that take up a lot of your time and feel as if they're beyond your control; You feel driven or have frequent urges to do certain sexual behaviors, feel a release of the tension afterward, but also feel guilt or deep regret; You've tried without success to reduce or control your sexual fantasies, urges or behavior; You use compulsive sexual behavior as an escape from other problems, such as loneliness, depression, anxiety or stress; You continue to engage in sexual behaviors in spite of them causing serious problems; You have trouble making and keeping healthy and stable relationships","Get help early for problems with sexual behavior; Seek treatment early for mental health conditions.Depression, anxiety or other mental health conditions can make compulsive sexual behavior worse; Get help for problems with alcohol and drug use.These can cause a loss of control that leads to poor judgment and sexual behaviors that aren't healthy; Avoid risky situations.Don't risk your health or that of others by putting yourself into situations where you'll be tempted to engage in risky sexual activities",High
High blood pressure (hypertension),Cardiovascular,"Most people with high blood pressure have no symptoms, even if blood pressure readings reach dangerously high levels; A few people with high blood pressure may have:; However, these symptoms aren't specific. They usually don't occur until high blood pressure has reached a severe or life-threatening stage",,Medium
Preeclampsia,Cardiovascular,"The defining feature of preeclampsia is high blood pressure, proteinuria, or other signs of damage to the kidneys or other organs; Along with high blood pressure, preeclampsia signs and symptoms may include:; Weight gain and swelling (edema) are typical during healthy pregnancies","The best clinical evidence for prevention of preeclampsia is the use of low-dose aspirin; It's important that you talk with your provider before taking any medications, vitamins or supplements to make sure it's safe for you",High
Pulmonary hypertension,Cardiovascular,"The symptoms of pulmonary hypertension develop slowly. You may not notice them for months or even years. Symptoms get worse as the disease continues; Pulmonary hypertension symptoms include:; Shortness of breath. It may first start during exercise and eventually happen at rest; Blue or gray skin. Depending on skin color, these changes may be harder or easier to see; Chest pressure or pain; Dizziness or fainting; Fast pulse or pounding heartbeat; Fatigue",,High
Low sex drive in women,Musculoskeletal,"neither of you may have a sex drive that's outside what's typical for people at your stage in life; And even if your sex drive is lower than it once was, your relationship may be strong. Bottom line: There is no magic number to define low sex drive. It varies; Symptoms of low sex drive in women include:; Having less or no interest in any type of sexual activity, including masturbation; Never or only seldom having sexual fantasies or thoughts; Being sad or concerned about your lack of sexual activity or fantasies",,Low
Diabetic hypoglycemia,Neurological,"Diabetic hypoglycemia can cause a number of symptoms; At first, symptoms of diabetic hypoglycemia include:",,High
Dehydration,Other,Thirst isn't always a good way to tell if the body needs water; The symptoms of dehydration can differ by age,"To keep from getting dehydrated, drink fluids and eat foods that hold a lot of water, such as fruits and vegetables; Conditions that can create a need for more fluids include:",High
Low blood pressure (hypotension),Cardiovascular,"Blurred or fading vision; Dizzy or lightheaded feelings; Fainting; Fatigue; Trouble concentrating; Upset stomach; For some people, low blood pressure may be a symptom of an underlying health condition; A sudden fall in blood pressure can be dangerous",,High
Inflammatory bowel disease (IBD),Digestive,Inflammatory bowel disease symptoms vary depending on how bad the inflammation is and where it occurs; Symptoms that are common to both Crohn's disease and ulcerative colitis include:; Diarrhea; Belly pain and cramping; Blood in the stool; Loss of appetite; Losing weight without trying; Feeling extremely tired,,High
Irritable bowel syndrome,Cancer,"Belly pain, cramping or bloating that is related to passing stool; Changes in appearance of stool; Changes in how often you are passing stool; Other symptoms that are often related include sensation of incomplete evacuation and increased gas or mucus in the stool",,High
Pseudotumor cerebri (idiopathic intracranial hypertension),Cancer,"Sometimes, symptoms that have resolved can recur months or years later",,Medium
Immune thrombocytopenia (ITP),Infectious,"Easy bruising; Bleeding into the skin that looks like tiny reddish-purple spots, also known as petechiae. The spots mostly show up on the lower legs. They look like a rash; Bleeding into the skin that's larger than petechiae, also known as purpura; Bleeding from the gums or nose; Blood in urine or stools; Really heavy menstrual flow",,High
Toe walking in children,Mental Health,Toe walking is walking on the toes or the ball of the foot,,Low
Prediabetes,Cardiovascular,"Prediabetes doesn't usually have any signs or symptoms; One possible sign of prediabetes is darkened skin on certain parts of the body. Affected areas can include the neck, armpits and groin; Classic signs and symptoms that suggest you've moved from prediabetes to type 2 diabetes include:; Increased thirst; Frequent urination; Increased hunger; Fatigue; Blurred vision",Eating healthy foods; Getting active; Losing excess weight; Controlling your blood pressure and cholesterol; Not smoking,High
Inherited metabolic disorders,Other,There are hundreds of inherited metabolic disorders caused by different genes. Symptoms depend on the type of disorder and how severe it is; Examples of inherited metabolic disorders include:; Familial hypercholesterolemia; Gaucher disease; Hunter syndrome; Krabbe disease; Maple syrup urine disease; Metachromatic leukodystrophy,,Low
Hemangioma,Musculoskeletal,"A hemangioma may be visible at birth, but it appears more often during the first month of life; During your child's first year, the red mark may grow rapidly into a spongy, rubbery-looking bump that sticks out from the skin; Many hemangiomas go away by age 5, and most go away by age 10. The skin may be slightly discolored or raised after the hemangioma goes away",,Low
Female infertility,Ear/Nose/Throat,The main symptom of infertility is the inability to get pregnant,,High
Male infertility,Digestive,"The main sign of male infertility is the inability to conceive a child. There may be no other obvious signs or symptoms; In some cases, however, an underlying problem such as an inherited disorder, hormonal imbalance, dilated veins around the testicle or a condition that blocks the passage of sperm causes signs and symptoms; Problems with sexual function — for example, difficulty with ejaculation or small volumes of fluid ejaculated, reduced sexual desire, or difficulty maintaining an erection (erectile dysfunction); Pain, swelling or a lump in the testicle area; Recurrent respiratory infections; Inability to smell; Abnormal breast growth (gynecomastia); Decreased facial or body hair or other signs of a chromosomal or hormonal abnormality","Don't smoke; Limit or abstain from alcohol; Steer clear of illicit drugs; Maintain a healthy weight; Don't get a vasectomy; Avoid things that lead to prolonged heat for the testicles; Reduce stress; Avoid exposure to pesticides, heavy metals and other toxins",High
Pancreatitis,Digestive,Pain in the upper belly; Pain in the upper belly that radiates to the back; Tenderness when touching the belly; Fever; Rapid pulse; Upset stomach; Vomiting; Chronic pancreatitis signs and symptoms include:,,High
Pericarditis,Cardiovascular,"Chest pain is the most common symptom of pericarditis. It usually feels sharp or stabbing. But some people have dull, achy or pressure-like chest pain; Most often, pericarditis pain is felt behind the breastbone or on the left side of the chest. The pain may:; Spread to the left shoulder and neck, or to both shoulders; Get worse when coughing, lying down or taking a deep breath; Get better when sitting up or leaning forward; Other symptoms of pericarditis can include:; Cough; Fatigue or general feeling of weakness or being sick",Stay away from people who have a viral or flu-like illnessuntil they've recovered; Follow good hygiene.Regular hand-washing can help prevent spreading illness. Scrub your hands with soap and water for at least 20 seconds; Get recommended vaccines,High
Metabolic syndrome,Cardiovascular,A large waist size can point to metabolic syndrome,,High
Claudication,Cardiovascular,"The pain may become more severe over time. You may even start to have pain at rest; Signs or symptoms of peripheral artery disease, usually in more-advanced stages, include:",,High
Whipple's disease,Infectious,Other frequent signs and symptoms associated with Whipple disease include:,,High
Cholestasis of pregnancy,Digestive,"Intense itching is the main symptom of cholestasis of pregnancy; The itching is most common during the third trimester of pregnancy but sometimes begins earlier; Other less common signs and symptoms of cholestasis of pregnancy may include:; Yellowing of the skin and whites of the eyes, called jaundice; Nausea; Loss of appetite; Oily, foul-smelling stools",There is no known way to prevent cholestasis of pregnancy,High
Intestinal ischemia,Cardiovascular,Symptoms of intestinal ischemia can come on quickly,,High
Pancreatic neuroendocrine tumors,Cancer,Heartburn; Weakness; Fatigue; Muscle cramps; Indigestion; Diarrhea; Weight loss; Skin rash,,High
Patellar tendinitis,Musculoskeletal,"Pain is the first symptom of patellar tendinitis. The pain most often is between the kneecap and where the tendon joins the shinbone, also called the tibia; At first, you may feel pain in your knee with jumping, as you start an activity or just after a hard workout",,Low
Diabetic ketoacidosis,Endocrine,More-certain signs of diabetic ketoacidosis — which can show up in home blood and urine test kits — include:,There are many ways to prevent diabetic ketoacidosis and other diabetes complications; Diabetes complications are scary,High
Mononucleosis,Respiratory,"The virus has an incubation period of about four to six weeks, although in young children this period may be shorter",Mononucleosis is spread through saliva; The Epstein-Barr virus may persist in your saliva for months after the infection. No vaccine exists to prevent mononucleosis,Medium
Hilar cholangiocarcinoma,Cancer,"Yellowing of the skin and the whites of the eyes, known as jaundice; Itching; Dark urine; Clay-colored stools; Stomach pain; Fatigue; Weight loss; Make an appointment with a doctor or other healthcare professional if you have any symptoms that worry you",,Low
Keratosis pilaris,Skin,"Painless tiny bumps on the upper arms, thighs, cheeks or buttocks; Dry, rough skin in the areas with bumps; Worsening when seasonal changes cause low humidity and dry skin; Sandpaper-like bumps resembling goose flesh",,Low
Lobular carcinoma in situ (LCIS),Cancer,Lobular carcinoma in situ doesn't cause signs or symptoms,,High
Legionnaires' disease,Respiratory,"By the second or third day, other symptoms can start, including:; Legionnaires' disease mostly involves the lungs. But it can cause infections in sores and in other parts of the body, including the heart; A mild form of Legionnaires' disease, called Pontiac fever, can cause fever, chills, headache and muscle aches",Outbreaks of Legionnaires' disease can be prevented by monitoring and cleaning water systems,High
Age spots (liver spots),Digestive,"Age spots may affect people of all skin types, but they're more common in adults with skin that sunburns easily",Cover up; Consider wearing clothing designed to provide sun protection,High
Body lice,Skin,"Body lice bites can cause intense itching, and you may notice small areas of blood and crust on your skin at the site of the bite marks; See your doctor if improved hygiene doesn't remove the infestation, or if you develop a skin infection from scratching the bites","To prevent body lice infestation, avoid having close physical contact or sharing bedding or clothing with anyone who has an infestation",Medium
Oral lichen planus,Cancer,Symptoms of oral lichen planus affect the mucous membranes of the mouth,,High
Listeria infection,Infectious,"These symptoms often start within a day of eating tainted food. They tend to go away within a few days; The germs that cause a listeria infection also can spread through the blood and into the brain and spinal cord. If this happens, you might have:; These symptoms often start within two weeks of eating tainted food. But it can take up to two months for symptoms to begin",,High
Acute liver failure,Neurological,"Yellowing of the skin and eyeballs, called jaundice; Pain in the upper right belly area, called the abdomen; A swollen belly, known as ascites; Nausea and vomiting; A general sense of feeling unwell, known as malaise; Disorientation or confusion; Sleepiness; Breath with a musty or sweet odor","Reduce your risk of acute liver failure by taking care of your liver; Follow instructions on medicines; Tell your healthcare team about all your medicines.Even nonprescription and herbal medicines can interact with prescription drugs you're taking; Drink alcohol in moderation, if at all; Avoid risky behavior; Get vaccinated; Be careful not to come into contact with other people's blood and body fluids; Don't eat wild mushrooms.It can be difficult to tell the difference between a poisonous mushroom and one that is safe to eat",High
Morphea,Musculoskeletal,"Reddish or purplish oval patches of skin, often on the belly, chest or back; Patches that gradually develop a lighter or whitish center; Linear patches, especially on the arms or legs and possibly the forehead or scalp; A gradual change in the affected skin, which becomes firm, thickened, dry and shiny; Morphea affects the skin and underlying tissue and sometimes bone",,Medium
Tetanus,Infectious,"The average time from infection to appearance of signs and symptoms (incubation period) is 10 days. The incubation period can range from 3 to 21 days; The most common type of tetanus is called generalized tetanus; Signs and symptoms of generalized tetanus include:; Painful muscle spasms and stiff, immovable muscles (muscle rigidity) in your jaw; Tension of muscles around your lips, sometimes producing a persistent grin; Painful spasms and rigidity in your neck muscles; Difficulty swallowing; Rigid abdominal muscles",You can prevent tetanus by being vaccinated,High
Hypoglycemia,Endocrine,Looking pale; Shakiness; Sweating; Headache; Hunger or nausea; An irregular or fast heartbeat; Fatigue; Irritability or anxiety,,High
Thrombocytopenia,Blood,"Easy or excessive bruising, called purpura, on the skin or inside the mouth; Pinpoint-sized dots on the skin, called petechiae, that may be red, purplish or brownish; Bleeding from minor cuts that lasts longer than usual; Bleeding from the gums or nose; Blood in urine or stools; Unusually heavy menstrual flows",,High
Male hypogonadism,Endocrine,"Hypogonadism can begin during fetal development, before puberty or during adulthood. Signs and symptoms depend on when the condition develops",,Medium
Swollen lymph nodes,Cancer,"The lymph system is a network of organs, vessels and lymph nodes throughout the body; Swollen lymph nodes are a sign that something is wrong in the body. The nodes might also be tender and painful; Depending on the cause of the swollen lymph nodes, other symptoms might include:",,High
Waldenstrom macroglobulinemia,Cancer,"Waldenstrom macroglobulinemia grows slowly. It might not cause symptoms for years; When they happen, Waldenstrom macroglobulinemia symptoms may include:; Fatigue; Fever; Weight loss; Night sweats; Numbness in the hands or feet; Swollen lymph nodes",,High
Undifferentiated pleomorphic sarcoma,Cancer,"Undifferentiated pleomorphic sarcoma symptoms depend on where the cancer occurs; Signs and symptoms may include:; Growing lump or area of swelling; If it grows very large, there may be pain, tingling and numbness; If it occurs in an arm or leg, there may be swelling in the hand or foot of an affected limb; If it occurs in the abdomen, there may be pain, loss of appetite and constipation; Fever; Weight loss",,High
Hammertoe and mallet toe,Endocrine,Pain from wearing shoes; Trouble moving the affected toe; Toe stiffness; A change in skin color and swelling; Growth of corns and calluses from the affected toe rubbing against shoes or against the ground,Enough toe room.Avoid shoes with pointed toes; Low heels.Not wearing high heels can help prevent toe and back problems; Shoes that adjust.Shoes with laces or straps are roomier and easier to make comfortable feeling; These added tips can help you buy the right shoes:; Shop at the end of the day.Feet swell as the day goes on; Check size.Shoe size — especially the width — can change with age. Measure both feet and buy for the larger foot; Buy shoes that fit right away,Medium
Bipolar disorder,Mental Health,"Bipolar I disorder; Bipolar II disorder.You've had at least one major depressive episode and at least one hypomanic episode. But you've never had a manic episode; Cyclothymia; Other types; These types may include mania, or hypomania, which is less extreme than mania, and depression; Bipolar II disorder is not a milder form of bipolar I disorder; Bipolar disorder can start at any age, but usually it's diagnosed in the teenage years or early 20s","There's no sure way to prevent bipolar disorder; If you've been diagnosed with bipolar disorder, here are some ways you can stop minor symptoms from becoming full-blown episodes of mania or depression:; Pay attention to warning signs; Get enough sleep.Sleep disruptions often cause bipolar instability; Stay away from drugs and alcohol.Drinking alcohol or taking street drugs can make your symptoms worse and make them more likely to come back; Take your medicines as directed",Medium
Nonalcoholic fatty liver disease,Cancer,"Fatigue; Not feeling well, or malaise; Pain or discomfort in the upper right belly area; Possible symptoms ofNASHand cirrhosis, or severe scarring, include:; Itchy skin; Abdominal swelling, also called ascites (uh-SY-teez); Shortness of breath; Swelling of the legs","Eat a healthy diet.Eat a healthy diet that's rich in fruits, vegetables, whole grains and healthy fats; Limit alcohol, simple sugars and portion sizes; Keep a healthy weight; Exercise.Be active most days of the week. Get an OK from your health care team first if you haven't been exercising regularly",High
Breast pain,Cancer,Breast pain can be cyclic or noncyclic,"The following steps may help prevent the causes of breast pain, although more research is needed to determine their effectiveness; Avoid hormone therapyif possible; Avoid medicationsthat are known to cause breast pain or make it worse; Wear a properly fitted bra,and wear a sports bra during exercise; Try relaxation therapy,which can help control the high levels of anxiety associated with severe breast pain; Limit or eliminate caffeine,a dietary change some people find helpful, although studies of caffeine's effect on breast pain and other premenstrual symptoms have been inconclusive; Avoid excessive or prolonged lifting activities; Follow a low-fat dietand eat more complex carbohydrates",High
Muscular dystrophy,Musculoskeletal,There are over 30 types of muscular dystrophy. Here are some of the main types along with key symptoms,,Medium
Myelodysplastic syndromes,Infectious,"People with myelodysplastic syndromes might not experience signs and symptoms at first; In time, myelodysplastic syndromes might cause:; Fatigue; Shortness of breath; Unusual paleness (pallor), which occurs due to a low red blood cell count (anemia); Easy or unusual bruising or bleeding, which occurs due to a low blood platelet count (thrombocytopenia); Pinpoint-sized red spots just beneath the skin that are caused by bleeding (petechiae); Frequent infections, which occur due to a low white blood cell count (leukopenia)",,High
Golfer's elbow,Musculoskeletal,"Pain and tenderness; Stiffness.Your elbow may feel stiff, and making a fist might hurt; Weakness.You may have weakness in your hands and wrists; Numbness or tingling.These sensations might radiate into one or more fingers — usually the ring and little fingers; The pain of golfer's elbow can come on suddenly or gradually. The pain might worsen with certain movements, such as swinging a golf club","Strengthen your forearm muscles; Stretch before your activity.Walk or jog for a few minutes to warm up your muscles. Then do gentle stretches before you begin your game; Fix your form.Whatever your sport, ask an instructor to check your form to avoid overload on muscles; Use the right equipment; Lift properly.When lifting anything — including free weights — keep your wrist rigid and stable to reduce the force to your elbow; Know when to rest.Try not to overuse your elbow. At the first sign of elbow pain, take a break",Low
Shin splints,Musculoskeletal,"If you have shin splints, you might notice tenderness, soreness or pain along the inner side of your shinbone and mild swelling in your lower leg; But in time, the pain can be ongoing. You might be getting a stress reaction or stress fracture",,Low
"Multiple endocrine neoplasia, type 2 (MEN 2)",Cancer,"Symptoms ofMEN 2depend on the type of tumor; Medullary thyroid cancer:; Lumps in the throat or neck; Trouble breathing or swallowing; Hoarseness; Diarrhea; Parathyroid hyperplasia, also known as primary hyperparathyroidism:; Muscle and joint pain","Genetic testing is used to find out if someone has a changed gene that causesMEN 2; If someone in your family is diagnosed withMEN 2, your health care provider will likely recommend you and your family members have genetic testing; If no gene changes are found in family members, usually no other screening tests are needed",High
Myxofibrosarcoma,Cancer,"A painless lump on an arm or leg; A lump that grows slowly; Myxofibrosarcoma most often starts in the leg. It rarely starts in the abdomen, where other kinds of sarcomas tend to grow",,High
Myasthenia gravis,Neurological,Muscle weakness caused by myasthenia gravis gets worse when the affected muscle is used; Myasthenia gravis may affect any of the muscles that you can control. Certain muscle groups are more commonly affected than others,,High
Monoclonal gammopathy of undetermined significance (MGUS),Cancer,People with monoclonal gammopathy often don't have symptoms,,High
Heat rash,Skin,Adults usually develop heat rash in skin folds and where clothing rubs against the skin,,Medium
Myelin oligodendrocyte glycoprotein antibody-associated disease (MOGAD),Neurological,Inflammation of the optic nerve; Inflammation of the spinal cord; Inflammation of the brain and spinal cord; Other symptoms ofMOGADmay include:; Seizures; Headaches; Fever,,High
Multiple sclerosis,Neurological,"Multiple sclerosis symptoms vary depending on the person. Symptoms may change over the course of the disease depending on which nerve fibers are affected; Common symptoms include:; Numbness or tingling; Electric-shock sensations that happen with certain neck movements, especially bending the neck forward. This sensation is called Lhermitte sign; Lack of coordination; Trouble with walking or not being able to walk at all; Weakness; Partial or complete loss of vision, usually in one eye at a time. Vision loss often happens with pain during eye movement",,High
Multiple system atrophy,Neurological,"Multiple system atrophy (MSA) symptoms affect many parts of the body. Symptoms start in adulthood, usually in the 50s or 60s; There are two types of MSA: parkinsonian and cerebellar. The type depends on the symptoms a person has when diagnosed",,High
Kawasaki disease,Cardiovascular,"Symptoms of Kawasaki disease include a fever greater than 102; A rash on the main part of the body or in the genital area; An enlarged lymph node in the neck; Very red eyes without a thick discharge; Red, dry, cracked lips and a red, swollen tongue; Swollen, red skin on the palms of the hands and the soles of the feet. Later the skin on fingers and toes peels; The symptoms might not happen at the same time. Let your child's healthcare professional know about a symptom that has gone away; Other symptoms might include:",,High
"Multiple endocrine neoplasia, type 1 (MEN 1)",Cancer,Tiredness; Bone pain or broken bones; Kidney stones; Ulcers in the stomach or intestines; Stomach pain; Muscle weakness; Depression; Acid reflux,,High
Heart attack,Cardiovascular,"Symptoms of a heart attack vary. Some people have mild symptoms. Others have severe symptoms. Some people have no symptoms; Common heart attack symptoms include:; Women may have atypical symptoms such as brief or sharp pain felt in the neck, arm or back; Some heart attacks strike suddenly",It's never too late to take steps to prevent a heart attack — even if you've already had one. Here are ways to prevent a heart attack; It's also a good idea to learn Cardiopulmonary resuscitation (CPR) properly so you can help someone who's having a heart attack,High
Nearsightedness,Neurological,Blurry vision when looking at distant objects; The need to squint or partially close the eyelids to see clearly; Headaches; Eyestrain; School-age children may have difficulty seeing things on whiteboards or screen projections in the classroom; Constant squinting; Seeming to not be aware of distant objects; Blinking often,,High
Postherpetic neuralgia,Neurological,"In general, the symptoms of postherpetic neuralgia are limited to the area of skin where the shingles outbreak first happened; The symptoms might include:; Pain that lasts three months or longerafter the shingles rash has healed. The pain may feel burning, sharp and jabbing. Or it may feel deep and aching; Not being able to stand light touch.People with postherpetic neuralgia often can't bear even the touch of clothing on the affected skin; Itching or loss of feeling.Less often, postherpetic neuralgia can cause an itchy feeling or numbness","Shingles vaccines can help prevent shingles and postherpetic neuralgia. Ask your health care provider when you should get a vaccine; In the United States, the Centers for Disease Control and Prevention (CDC) suggests that adults 50 and older get a shingles vaccine called Shingrix; With two doses, Shingrix is more than 90% effective in preventing shingles and postherpetic neuralgia",Medium
Trigeminal neuralgia,Neurological,"Episodes of intense shooting or jabbing pain that may feel like an electric shock; Sudden episodes of pain or pain triggered by touching the face, chewing, speaking or brushing your teeth; Episodes of pain lasting from a few seconds to several minutes; Pain that occurs with facial spasms; Episodes of pain lasting days, weeks, months or longer. Some people have periods when they experience no pain; Pain in areas supplied by the trigeminal nerve. These areas include the cheek, jaw, teeth, gums or lips. Less often, the eye and forehead may be affected; Pain on one side of the face at a time; Pain focused in one spot. Or the pain may be spread in a wider pattern",,Medium
Schwannomatosis,Cancer,Schwannomatosis symptoms depend on the type,,High
Vasovagal syncope,Cardiovascular,"Change in skin color; Lightheadedness; Tunnel vision — your field of vision narrows so that you see only what's in front of you; Upset stomach; Feeling warm; A cold, clammy sweat; Blurred vision; During a vasovagal syncope episode, people around you may notice:",You may not always be able to avoid a vasovagal syncope episode,Medium
Neurofibromatosis type 1,Cardiovascular,"Neurofibromatosis type 1 (NF1) usually is diagnosed during childhood; Symptoms include:; Flat, light brown spots on the skin, known as cafe au lait spots; Freckling in the armpits or groin area; Tiny bumps on the iris of the eye, known as Lisch nodules.These nodules can't easily be seen and don't affect vision; Soft, pea-sized bumps on or under the skin called neurofibromas; Bone changes; Tumor on the nerve that connects the eye to the brain, called an optic pathway glioma",,High
Malignant peripheral nerve sheath tumors,Cancer,Pain where the tumor is growing; Weakness when trying to move the body part that has the tumor; A growing lump of tissue under the skin,,High
Acoustic neuroma,Cancer,"Symptoms of an acoustic neuroma often are easy to miss and may take years to develop; As the tumor grows, it may be more likely to cause more noticeable or worse symptoms; Common signs and symptoms of an acoustic neuroma include:; Hearing loss, usually gradually over months to years. In rare cases, hearing loss can be sudden. Hearing loss usually occurs on one side or is worse on one side; Ringing in the affected ear, known as tinnitus; Loss of balance or not feeling steady; Dizziness; Facial numbness and, very rarely, weakness or loss of muscle movement",,High
Morton neuroma,Neurological,"Morton neuroma causes pain in the ball of your foot; The pain is often described as:; Stabbing, shooting or burning pain in the ball of the foot; Feeling as if walking on a marble or stone; Pain that increases with activity; Pain, a pins and needles feeling, tingling, or numbness in the two nearby toes; Pain when stretching toes; A clicking sensation in the forefoot",,Medium
Diabetic neuropathy,Cardiovascular,There are four main types of diabetic neuropathy. You can have one type or more than one type of neuropathy; The symptoms depend on the type of diabetic neuropathy you have and which nerves are affected,You may be able to prevent or delay diabetic neuropathy and the medical problems that can happen with it,Medium
Peripheral neuropathy,Neurological,"Sensory nerves that receive sensation, such as temperature, pain, vibration or touch, from the skin; Motor nerves that control muscle movement; Autonomic nerves that control functions such as blood pressure, sweating, heart rate, digestion and bladder function; Symptoms of peripheral neuropathy might include:; Gradual onset of numbness, prickling, or tingling in your feet or hands. These sensations can spread upward into your legs and arms; Sharp, jabbing, throbbing or burning pain; Extreme sensitivity to touch; Pain during activities that shouldn't cause pain, such as pain in your feet when putting weight on them or when they're under a blanket",,Medium
Moles,Cancer,"Color and texture.Moles can be brown, tan, black, blue, red or pink. They can be smooth, wrinkled, flat or raised. They may have hair growing from them; Shape.Most moles are oval or round; Size; Moles can grow anywhere on your body, including your scalp and armpits, as well as under your nails and between your fingers and toes; Clusters of brown spots around the eyes, cheeks and nose are dermatoses papulosa nigra — a type of seborrheic keratosis that is noncancerous and appears as waxy brown, black or tan growths",The following measures can help limit the growth of moles and the main complication of moles: melanoma,High
Sleep terrors (night terrors),Ear/Nose/Throat,"Sleep terrors differ from nightmares; Sleep terrors generally happen in the first part of sleep time, and rarely during naps. A sleep terror may lead to sleepwalking; During a sleep terror, a person may:; Start by screaming, shouting or crying; Sit up in bed and look scared; Stare wide-eyed; Sweat, breathe heavily, and have a racing pulse, flushed face and enlarged pupils; Kick and thrash",,Medium
Bed-wetting,Infectious,"Most kids are fully toilet trained by age 5, but there's really no target date for having complete bladder control",,Low
Hearing loss,Musculoskeletal,"Muffling of speech and other sounds; Trouble understanding words, especially when in a crowd or a noisy place; Trouble hearing the letters of the alphabet that aren't vowels; Often asking others to speak more slowly, clearly and loudly; Needing to turn up the volume of the television or radio; Staying clear of some social settings; Being bothered by background noise; Ringing in the ears, known as tinnitus","Protect your ears.Staying away from loud noise is the best protection. In the workplace, plastic earplugs or glycerin-filled earmuffs can help protect hearing; Have your hearing tested; Avoid risks from hobbies and play",Low
Functional dyspepsia,Digestive,"Pain or burning in the stomach, bloating, excessive belching or nausea after eating; An early feeling of fullness when eating. The feeling of fullness also is called satiety; Stomach pain that happens unrelated to meals or goes away when eating",,Low
Overactive bladder,Musculoskeletal,"Feel a sudden urge to urinate that's hard to control; Lose urine without meaning to after an urgent need to urinate, called urgency incontinence; Urinate often. This can mean eight or more times in 24 hours; Wake up more than twice a night to urinate, called nocturia; Even if you can get to the toilet in time when you feel an urge to urinate, having to urinate often during day and night can disrupt your life","Do exercises to make the pelvic floor muscles stronger. These are called Kegel exercises; Get regular, daily physical activity and exercise; Limit caffeine and alcohol; Maintain a healthy weight; Manage ongoing, called chronic, conditions, such as diabetes, that might add to overactive bladder symptoms; Quit smoking",Low
Childhood obesity,Cardiovascular,The symptoms of childhood obesity aren't clear-cut; A measurement called the body mass index (BMI) helps healthcare professionals check for overweight status and obese status,"Set a good example; Offer balanced meals and snacks each day; Keep offering new foods.Your child might not like a new food right away. But if you offer it again, your child may learn to enjoy it over time; Support a healthy relationship with junk food; Limit screen time; Choose rewards that aren't food; Be sure your child gets enough sleep; Breastfeed your baby.Breastfeeding your infant from birth to 6 months old may lower the risk of obesity later in life",Medium
Pediatric obstructive sleep apnea,Cardiovascular,"Snoring; Pauses in breathing; Restless sleep; Snorting, gasping, coughing or choking; Mouth breathing; Nighttime sweating; Bed-wetting that starts after a long period of dry overnights; Infants and young children with obstructive sleep apnea don't always snore. They might just have disturbed sleep",,High
Obsessive-compulsive disorder (OCD),Mental Health,Obsessive-compulsive disorder usually includes both obsessions and compulsions,There's no sure way to prevent obsessive-compulsive disorder,Low
Albinism,Cancer,"Symptoms of albinism involve skin, hair and eye color, as well as vision","If a family member has albinism, a genetic counselor can help you understand the type of albinism and the chances of having a future child with albinism",High
Oppositional defiant disorder (ODD),Ear/Nose/Throat,Sometimes it's difficult to recognize the difference between a strong-willed or emotional child and one with oppositional defiant disorder; Symptoms ofODDgenerally begin during preschool years; Emotional and behavioral symptoms ofODDgenerally last at least six months; Angry and irritable mood; Often and easily loses temper; Is frequently touchy and easily annoyed by others; Is often angry and resentful; Argumentative and defiant behavior,There's no sure way to prevent oppositional defiant disorder; Treatment can help restore your child's self-esteem and rebuild a positive relationship between you and your child,Medium
Jaw tumors and cysts,Cancer,Ameloblastoma; Central giant cell granuloma; Dentigerous cyst; Odontogenic keratocyst; Odontogenic myxoma; Odontoma; Other types of cysts and tumors,,High
Ovarian hyperstimulation syndrome,Endocrine,"Symptoms of ovarian hyperstimulation syndrome often begin within a week after using injectable medications to stimulate ovulation, though sometimes it can take two weeks or longer for symptoms to appear","To decrease your chances of developing ovarian hyperstimulation syndrome, you'll need an individualized plan for your fertility medications; Strategies to help preventOHSSinclude:",High
Esthesioneuroblastoma,Cancer,"Loss of the sense of smell; Frequent nosebleeds; Difficulty breathing through the nose; As the cancer grows, it might cause eye pain, loss of vision, ear pain and headaches",,High
Osteosarcoma,Cancer,Bone or joint pain. Pain might come and go at first. It can be mistaken for growing pains; Pain related to a bone that breaks for no clear reason; Swelling near a bone,,High
Bone spurs,Musculoskeletal,"Often, bone spurs don't cause symptoms; The symptoms depend on where the bone spurs are. Examples include:; Knee.Bone spurs in the knee can make it painful to extend and bend the leg; Spine; Hip",,Low
Ear infection (middle ear),Infectious,Symptoms of ear infection often come on fast,Prevent colds and other illnesses; Children might have less risk of getting ill if they spend less time in group child care,High
Hyperthyroidism (overactive thyroid),Cardiovascular,"Losing weight without trying; Fast heartbeat, a condition called tachycardia; Irregular heartbeat, also called arrhythmia; Pounding of the heart, sometimes called heart palpitations; Increased hunger; Nervousness, anxiety and irritability; Tremor, usually a small trembling in the hands and fingers; Sweating",,Medium
Pulmonary atresia with intact ventricular septum,Cardiovascular,"Blue or gray skin. Changes may be harder or easier to see depending on the baby's skin color; Fast breathing or shortness of breath; Tiredness; Poor feeding; Pulmonary atresia with intact ventricular septum, also called PA/IVS, is often found during pregnancy or soon after birth",,Low
Peripheral artery disease (PAD),Cardiovascular,"Leg pain when walking; Muscle pain or cramping in the arms or legs, often in the calf; Muscle pain in the arms or legs that begins with exercise and ends with rest; Painful cramping in one or both of the hips, thighs or calves after walking or climbing stairs or other activities; Pain when using the arms, such as aching and cramping when knitting or writing; Coldness in the lower leg or foot, especially when compared with the other side; Leg numbness or weakness; No pulse or a weak pulse in the legs or feet","Don't smoke; Eat foods that are low in sugar, trans fats and saturated fats; Get regular exercise — but check with your care team about what type and how much is best for you; Keep a healthy weight; Manage blood pressure, cholesterol and diabetes; Get good sleep; Control stress",High
Popliteal artery entrapment,Cardiovascular,"Cold feet after exercise; Tingling or burning in your calf; Numbness in the calf area; If the nearby vein, called the popliteal vein, also becomes trapped by the calf muscle, you may have:; A heavy feeling in the leg; Lower leg cramping at night; Swelling in the calf area; Changes in skin color around the calf muscle",,High
Back pain,Musculoskeletal,"Back pain can range from a muscle ache to a shooting, burning or stabbing feeling","Improving one's physical condition and learning and practicing how to use the body might help prevent back pain; To keep the back healthy and strong:; Exercise; Build muscle strength and flexibility; Maintain a healthy weight.Being overweight strains back muscles; Quit smoking.Smoking increases the risk of low back pain. The risk rises with the number of cigarettes smoked each day, so quitting can help reduce this risk; Avoid movements that twist or strain the back. To use the body properly:; Stand smart",High
Chest pain,Cardiovascular,Chest pain symptoms depend on the cause,,High
Knee pain,Infectious,Swelling and stiffness; Redness and warmth to the touch; Weakness or instability; Popping or crunching noises; Inability to fully straighten the knee,"Keep extra pounds off; Be in shape to play your sport.To prepare your muscles for the demands of sports participation, take time for conditioning; Practice perfectly; Get strong, stay flexible; Be smart about exercise",High
Wrist pain,Musculoskeletal,"Wrist pain may vary, depending on the cause","Build bone strength.Getting adequate amounts of calcium can help prevent fractures. For most adults, that means 1,000 to 1,200 milligrams a day; Prevent falls; Use protective gear for athletic activities.Wear wrist guards for high-risk activities, such as football, snowboarding and in-line skating; Pay attention to ergonomics",Medium
Cerebral palsy,Neurological,Symptoms of cerebral palsy can vary greatly,"Make sure you're vaccinated; Take care of yourself.The healthier you are heading into a pregnancy, the less likely you'll be to develop an infection that results in cerebral palsy; Seek early and continuous prenatal care; Avoid alcohol, tobacco and illegal drugs.These have been linked to cerebral palsy risk; Rarely, cerebral palsy can be caused by brain damage that occurs in childhood",High
Partial anomalous pulmonary venous return,Respiratory,"Symptoms of partial anomalous pulmonary venous return (PAPVR) can include trouble breathing or fatigue. Sometimes, there are no noticeable symptoms; Serious congenital heart defects are often diagnosed before or soon after a child is born; Call your baby's healthcare professional if the baby has trouble breathing or other symptoms ofPAPVR",,Low
Pseudobulbar affect,Neurological,"The primary sign of pseudobulbar affect (PBA) is frequent, involuntary and uncontrollable outbursts of crying or laughing that are exaggerated or not connected to your emotional state; The degree of the emotional response caused by PBA is often striking, with crying or laughing lasting up to several minutes; Because pseudobulbar affect often involves crying, the condition is frequently mistaken for depression; If you think you have PBA, talk to your doctor; It's suspected that many cases of pseudobulbar affect go unreported and undiagnosed due to a lack of awareness about the condition",,High
Polycystic ovary syndrome (PCOS),Cardiovascular,Symptoms ofPCOSoften start around the time of the first menstrual period. Sometimes symptoms develop later after you have had periods for a while; The symptoms ofPCOSvary. A diagnosis ofPCOSis made when you have at least two of these:; Irregular periods; Too much androgen; Polycystic ovaries; PCOSsigns and symptoms are typically more severe in people with obesity,,High
Patent ductus arteriosus (PDA),Cardiovascular,"Patent ductus arteriosus symptoms (PDA) depend on the size of the opening and the person's age; A largePDAfound during infancy or childhood might cause:; Poor eating, which leads to poor growth; Sweating with crying or eating; Constant fast breathing or being out of breath; Easy tiring; Rapid heart rate","Get early prenatal care, even before you're pregnant; Start taking folic acid; Exercise and stay active.Work with your healthcare professional to develop an exercise plan that's right for you; Do not drink alcohol or smoke.These lifestyle habits can harm a baby's health. Also avoid secondhand smoke; Get recommended vaccines.Update your vaccinations before becoming pregnant. Certain types of infections can be harmful to a developing baby; Control blood sugar.If you have diabetes, good control of your blood sugar may reduce the risk of certain heart conditions present at birth in your baby",High
Chronic pelvic pain,Musculoskeletal,Serious and steady; Pain that comes and goes; Dull aching; Sharp pains or cramping; Pressure or heaviness deep within the pelvis; The pain also may happen:; During sex; While having a bowel movement or urinating,,Medium
Uterine prolapse,Digestive,"Seeing or feeling tissue bulge out of the vagina; Feeling heaviness or pulling in the pelvis; Feeling like the bladder doesn't empty all the way when you use the bathroom; Problems with leaking urine, also called incontinence; Trouble having a bowel movement and needing to press the vagina with your fingers to help have a bowel movement; Feeling as if you're sitting on a small ball; Feeling as if you have vaginal tissue rubbing on clothing; Pressure or discomfort in the pelvis or low back","Prevent constipation.Drink plenty of fluids and eat high-fiber foods, such as fruits, vegetables, beans and whole-grains; Avoid heavy lifting.If you have to lift something heavy, do it correctly. Correct lifting uses the legs instead of the waist or back; Control coughing.Get treatment for a chronic cough or bronchitis. Don't smoke; Avoid weight gain.Talk with your doctor about your ideal weight and get advice on how to lose weight, if you need to",Low
Chilblains,Respiratory,"Small, itchy areas on your skin, often on your feet or hands; Sores or blistering; Swelling; Pain or stinging; Changes in skin color","Avoid or limit your exposure to the cold; When you come in from the cold, rewarm the skin gradually; Dress in layers of loose clothing and wear mittens, a scarf and a hat, and warm, water-resistant footwear; Cover all exposed skin as completely as possible when going outside in cold weather; Keep your hands, feet and face dry and warm; Keep your home and workplace comfortably warm; Don't smoke",Low
Antisocial personality disorder,Mental Health,"Ignoring right and wrong; Telling lies to take advantage of others; Not being sensitive to or respectful of others; Using charm or wit to manipulate others for personal gain or pleasure; Having a sense of superiority and being extremely opinionated; Having problems with the law, including criminal behavior; Being hostile, aggressive, violent or threatening to others; Feeling no guilt about harming others",There's no sure way to prevent antisocial personality disorder from developing in those at risk,Medium
Borderline personality disorder,Mental Health,"Borderline personality disorder affects how you feel about yourself, relate to others and behave; Symptoms may include:; A strong fear of abandonment. This includes going to extreme measures so you're not separated or rejected, even if these fears are made up; A pattern of unstable, intense relationships, such as believing someone is perfect one moment and then suddenly believing the person doesn't care enough or is cruel; Quick changes in how you see yourself. This includes shifting goals and values, as well as seeing yourself as bad or as if you don't exist; Periods of stress-related paranoia and loss of contact with reality. These periods can last from a few minutes to a few hours; Impulsive and risky behavior, such as gambling, dangerous driving, unsafe sex, spending sprees, binge eating, drug misuse, or sabotaging success by suddenly quitting a good job or ending a positive relationship; Threats of suicide or self-injury, often in response to fears of separation or rejection",,High
Narcissistic personality disorder,Mental Health,"Have an unreasonably high sense of self-importance and require constant, excessive admiration; Feel that they deserve privileges and special treatment; Expect to be recognized as superior even without achievements; Make achievements and talents seem bigger than they are; Be preoccupied with fantasies about success, power, brilliance, beauty or the perfect mate; Believe they are superior to others and can only spend time with or be understood by equally special people; Be critical of and look down on people they feel are not important; Expect special favors and expect other people to do what they want without questioning them",Get treatment as soon as possible for childhood mental health problems; Participate in family therapy to learn healthy ways to communicate or to cope with conflicts or emotional distress; Attend parenting classes and seek guidance from a therapist or social worker if needed,Medium
Schizoid personality disorder,Mental Health,"Want to be alone and do activities alone; Do not want or enjoy close relationships; Feel little if any desire for sexual relationships; Take pleasure in few activities, if any; Find it hard to express your emotions and react; May lack humor or not be interested in others. Or you may be cold toward others; May lack the drive that makes you want to reach goals; Do not react to praise or criticism from others",,Low
Schizotypal personality disorder,Mental Health,"Be a loner and lack close friends and other relationships outside of the immediate family; Have flat emotions or have emotional responses that are limited or not proper socially; Have too much social anxiety, which is ongoing; Incorrectly interpret events, such as feeling that something harmless or not offensive has a direct personal meaning; Have strange or unusual thinking, beliefs or mannerisms; Have suspicious or paranoid thoughts and constant doubts about the loyalty of others; Believe in special powers, such as mental telepathy or superstitions; Have unusual thoughts, such as sensing an absent person's presence, or having illusions",,High
Whooping cough,Respiratory,"After a week or two, the symptoms become worse; People with mild illnesses often don't make the whooping sound. Sometimes, an ongoing hacking cough is the only symptom of whooping cough in teens and adults; Many babies with the illness don't cough at all. Some babies and young children might",The best way to prevent whooping cough is with the pertussis vaccine; The vaccine is a series of five shots. You might hear it called DTaP. It's most often given to children at these ages:,High
Absence seizure,Neurological,"A simple absence seizure causes a vacant stare, which may be mistaken for a brief lapse in attention; Symptoms of absence seizures include:; A sudden stop in activity without falling; Lip smacking; Eyelid flutters; Chewing motions; Finger rubbing; Small movements of both hands",,High
Thrombophlebitis,Musculoskeletal,"Symptoms of superficial thrombophlebitis include warmth, tenderness, and pain",,High
Hemorrhoids,Skin,Symptoms of hemorrhoids usually depend on the type of hemorrhoid,"Eat high-fiber foods; Drink plenty of fluids.Drink 6 to 8 glasses of water and other liquids each day to help keep stools soft. Avoiding alcohol also may help; Consider fiber supplements; Don't strain.Straining and holding your breath when trying to pass stool create greater pressure in the veins in the lower rectum; Exercise; Avoid long periods of sitting.Sitting too long, especially on the toilet, can increase the pressure on the veins in the anus",High
Sacral dimple,Neurological,A sacral dimple is an indentation or pit in the skin on the lower back. It's usually located just above the crease between the buttocks,,Medium
Pituitary tumors,Cancer,Not all pituitary tumors cause symptoms; Pituitary tumor symptoms may be caused by a tumor putting pressure on the brain or on other parts of the body nearby,,High
Hypopituitarism,Cardiovascular,The symptoms of hypopituitarism usually start slowly and get worse over time; Symptoms of hypopituitarism vary from person to person,,High
Polycystic kidney disease,Cardiovascular,"High blood pressure; Belly, side or back pain; Blood in the urine; A feeling of fullness in the belly; Increased size of the belly from enlarged kidneys; Headaches; Kidney stones; Kidney failure","If you have polycystic kidney disease and you're thinking about having children, a genetic counselor can help you know your risk of passing the disease to your children; Keeping your kidneys as healthy as possible may help prevent some of the complications of this disease. It's most important to manage your blood pressure; Here are some tips for keeping your blood pressure in check:; Take the blood pressure medicines your healthcare professional prescribes as directed; Eat a low-salt diet that has plenty of fruits, vegetables and whole grains; Get to and stay at a healthy weight; Exercise regularly. Aim for at least 30 minutes of moderate physical activity most days of the week; Limit alcohol use",High
Phenylketonuria (PKU),Other,"Newborns withPKUinitially don't have any symptoms. However, without treatment, babies usually develop signs ofPKUwithin a few months; Signs and symptoms of untreatedPKUcan be mild or severe and may include:; A musty odor in the breath, skin or urine, caused by too much phenylalanine in the body; Nervous system (neurological) problems that may include seizures; Skin rashes, such as eczema; Lighter skin, hair and eye color than family members, because phenylalanine can't transform into melanin — the pigment responsible for hair and skin tone; Unusually small head size (microcephaly); Hyperactivity",Follow a low-phenylalanine diet; Consider genetic counseling,Medium
Pleurisy,Respiratory,"Chest pain that worsens when you breathe, cough or sneeze; Shortness of breath — often from trying to limit breathing in and out; Cough — only in some cases; Fever — only in some cases; Pain caused by pleurisy might worsen with movement of your upper body and can spread to your shoulders or back; Pleurisy can occur along with pleural effusion, atelectasis or empyema:; Pleural effusion; Atelectasis",,High
Primary lateral sclerosis (PLS),Neurological,"Stiffness, weakness and muscle spasms in the legs; Slowed movement; Tripping, being clumsy and having trouble with balance; Hand clumsiness; A hoarse voice, as well as slowed, slurred speech and drooling; Trouble chewing and swallowing; Sometimes, frequent, rapid and intense shifts in emotions; Rarely, breathing problems and bladder problems late in the disease",,High
Colon polyps,Cancer,"Most people with colon polyps do not have any symptoms. Colon polyps are often found as a part of routine colorectal cancer screening; Symptoms that should prompt an appointment with a healthcare professional include:; Change in bowel habits; Change in stool color; Iron deficiency anemia; Pain.A large colon polyp or cancer can block part of the bowel, leading to cramping and belly pain; Rectal bleeding.This can be a sign of colon polyps or cancer or other conditions, such as hemorrhoids or minor tears of the anus",Adopt healthy habits; Consider your options if you're at high risk,High
Nasal polyps,Cancer,"Nasal polyps are linked to irritation and swelling, also called inflammation, of the inside of the nose and sinuses that lasts more than 12 weeks; People who have small nasal polyps might not know they have them. But having more than one polyp or having a large polyp can block the nose; Common symptoms of chronic sinusitis with nasal polyps include:; Runny, stuffy nose; Mucus running down the throat, also known as postnasal drip; Not being able to smell; Not being able to taste; Facial pain or headache","Manage allergies and asthma.Follow your treatment plan. Be sure symptoms are controlled. See your health care provider if they're not; Avoid things that can irritate the nose.These include tobacco smoke, chemical fumes and dust. If you smoke, talk to your health care provider about ways to quit; Wash your hands often and well.This is one of the best ways to protect against infections that can cause irritation and swelling of the nose and sinuses; Use a machine that adds moisture to the air, known as a humidifier; Use a nasal rinse",High
Stomach polyps,Digestive,"Stomach polyps usually don't cause symptoms; But as a stomach polyp enlarges, open sores called ulcers can develop on its surface; Symptoms include:",,Low
Baker cyst,Musculoskeletal,"Swelling behind the knee, and sometimes in the leg; Knee pain; Stiffness and inability to fully flex the knee; The symptoms may be worse after you've been active or if you've been standing for a long time",,Low
Dressler syndrome,Cardiovascular,"Chest pain, which may get worse with deep breaths; Fever; Shortness of breath","Some studies suggest that taking the anti-inflammatory medicine colchicine (Colcrys, Gloperba, others) soon after heart surgery may help prevent Dressler syndrome",High
Chemo brain,Cancer,"Chemo brain signs and symptoms include changes in memory and thinking; Symptoms of chemo brain linked to memory may include:; Trouble recalling what you've said to others; Trouble recalling what you've seen, such as images or lists of words; Trouble recalling what's happened recently, called short-term memory issues; Symptoms of chemo brain linked to thinking may include:; Trouble finding the right words; Trouble learning new skills",,High
Persistent post-concussive symptoms (Post-concussion syndrome),Neurological,Headaches; Dizziness; Fatigue; Irritability; Anxiety; Depression; Trouble falling asleep or sleeping too much; Poor concentration and memory,"Wear your seat belt.Buckle up every time you ride in a car or other motor vehicle; Be sure children are in the right safety seats for their ages; Wear a helmet; Get annual eye exams.This is very important for older adults because vision problems may increase the risk of falls. If needed, get new glasses or contacts; Make your home safer",High
Posterior vaginal prolapse (rectocele),Infectious,"A small posterior vaginal prolapse (rectocele) might cause no symptoms; Otherwise, you may notice:; A soft bulge of tissue in the vagina that might come through the opening of the vagina; Trouble having a bowel movement; Feeling pressure or fullness in the rectum; A feeling that the rectum has not completely emptied after a bowel movement; Sexual concerns, such as feeling embarrassed or sensing looseness in the tone of the vaginal tissue; Many women with posterior vaginal prolapse also have prolapse of other pelvic organs, such as the bladder or uterus","Perform Kegel exercises regularly.These exercises can strengthen pelvic floor muscles. This is especially important after having a baby; Treat and prevent constipation.Drink plenty of fluids and eat high-fiber foods, such as fruits, vegetables, beans and whole-grain cereals; Avoid heavy lifting and lift correctly.Use your legs instead of your waist or back to lift; Control coughing.Get treatment for a chronic cough or bronchitis, and don't smoke; Avoid weight gain.Ask your health care provider to help you determine the best weight for you. Ask for advice on how to lose weight, if needed",High
Orthostatic hypotension (postural hypotension),Cardiovascular,The most common symptom of orthostatic hypotension is lightheadedness or dizziness when standing after sitting or lying down; Orthostatic hypotension signs and symptoms include:,,Medium
Prader-Willi syndrome,Other,"Symptoms of Prader-Willi syndrome, which can vary, slowly change over time from childhood to adulthood","If you have a child with Prader-Willi syndrome and would like to have another baby, think about getting genetic counseling",Medium
Wolff-Parkinson-White (WPW) syndrome,Cardiovascular,"The heart rate is the number of times the heart beats each minute. A fast heart rate is called tachycardia (tak-ih-KAHR-dee-uh); The most common symptom of Wolff-Parkinson-White (WPW) syndrome is a heart rate greater than 100 beats a minute; InWPWsyndrome, the fast heartbeat can begin suddenly. It may last a few seconds or several hours. Episodes may occur during exercise or while at rest; Other symptoms ofWPWsyndrome may depend on the speed of the heartbeat and the underlying heart rhythm disorder; For example, the most common irregular heartbeat seen withWPWsyndrome is supraventricular tachycardia (SVT); Some people withWPWsyndrome also have a fast and chaotic heart rhythm disorder called atrial fibrillation; In general, symptoms ofWPWsyndrome include:; Rapid, fluttering or pounding heartbeats",,High
Primary ovarian insufficiency,Cardiovascular,"Irregular or missed periods. This symptom might be present for years. It also could develop after a pregnancy or after stopping birth control pills; Trouble getting pregnant; Hot flashes and night sweats; Vaginal dryness; Anger, depression or anxiety; Trouble with focus or memory; Less sexual desire",,High
Premenstrual syndrome (PMS),Mental Health,"The list of potential signs and symptoms for premenstrual syndrome is long, but most women only experience a few of these problems",,Low
Bedsores (pressure ulcers),Digestive,"Changes in skin color or texture; Swelling; Pus-like draining; An area of skin that feels cooler or warmer to the touch than other areas; Sore areas; Bedsores fall into one of several stages based on their depth, how serious they are and other features",Frequently change your position to avoid stress on the skin; Take good care of your skin; Eat and drink regularly; Quit smoking; Manage stress; Exercise daily,High
Primary biliary cholangitis,Cardiovascular,"More than half of people with primary biliary cholangitis do not have any noticeable symptoms when diagnosed; Common early symptoms include:; Fatigue; Itchy skin; Later signs and symptoms may include:; Yellowing of the skin and eyes, called jaundice; Dry eyes and mouth; Pain in the upper right abdomen",,High
Polycythemia vera,Cancer,"Many people with polycythemia vera don't notice symptoms. Some people get symptoms such as headache, dizziness, tiredness and blurred vision; Clearer symptoms of polycythemia vera include:",,High
Anal itching,Infectious,"Symptoms of anal itching may include intense itching, inflammation, burning and soreness",,High
Itchy skin (pruritus),Skin,"Inflamed skin; Scratch marks; Bumps, spots or blisters; Dry, cracked skin; Leathery or scaly patches; Sometimes itchiness lasts a long time and can be intense",,High
Post-traumatic stress disorder (PTSD),Mental Health,"Post-traumatic stress disorder symptoms may start within the first three months after a traumatic event; Generally,PTSDsymptoms are grouped into four types: intrusive memories, avoidance, negative changes in thinking and mood, and changes in physical and emotional reactions","After surviving a traumatic event, many people havePTSD-like symptoms at first, such as not being able to stop thinking about what's happened; Getting timely help and support may prevent usual stress reactions from getting worse and leading toPTSD; Support from others also may prevent you from turning to unhealthy coping methods, such as misusing alcohol or drugs",High
Bags under eyes,Musculoskeletal,Mild swelling; Saggy or loose skin; Dark circles,,Medium
Post-vasectomy pain syndrome,Infectious,"Having some discomfort after vasectomy is common, but men withPVPShave pain that never seems to get better after the procedure; Signs and symptoms ofPVPSmay include:; Pain and tenderness in the scrotum; Pressure or pain after ejaculation; Dull ache in one or both testicles; Pain and tenderness at the site of the vasectomy; Swelling of the small, C-shaped tube behind the testicle where sperm are stored (epididymis); Pain with sex",,High
Kidney infection,Infectious,"Fever; Chills; A burning feeling or pain when urinating; Having to urinate often; A strong, lasting urge to urinate; Back, side or groin pain; Nausea and vomiting; Pus or blood in the urine","Drink fluids, especially water.Fluids can help remove bacteria from the body when you urinate; Urinate as soon as you need to.Don't delay urinating when you feel the urge; Empty the bladder after sexual intercourse.Urinating as soon as possible after sex helps clear bacteria from the urethra. This lowers the risk of infection; Wipe carefully.Wipe from front to back after urinating and after a bowel movement. This helps prevent bacteria from spreading to the urethra; Avoid using products in the genital area.Deodorant sprays in the genital area or douches can be irritating",High
REM sleep behavior disorder,Neurological,"With REM sleep behavior disorder, instead of experiencing the normal temporary paralysis of your arms and legs (atonia) during REM sleep, you physically act out your dreams; The onset can be gradual or sudden, and episodes may occur occasionally or several times a night. The disorder often worsens with time; Symptoms of REM sleep behavior disorder may include:; Movement, such as kicking, punching, arm flailing or jumping from bed, in response to action-filled or violent dreams, such as being chased or defending yourself from an attack; Noises, such as talking, laughing, shouting, emotional outcries or even cursing; Being able to recall the dream if you awaken during the episode",,Medium
Tachycardia,Cardiovascular,"Some people with tachycardia have no symptoms. The fast heartbeat may be discovered when a physical exam or heart tests are done for another reason; In general, tachycardia may cause these symptoms:; Racing, pounding heartbeat or flopping in the chest, called palpitations; Chest pain; Fainting; Lightheadedness; Rapid pulse; Shortness of breath","The best way to prevent tachycardia is to keep the heart healthy; Try these tips to prevent heart disease and keep the heart healthy:; Don't smoke; Eat a diet that's low in salt and saturated fat; Exercise at least 30 minutes a day on most days of the week; Maintain a healthy weight; Reduce and manage stress; Control high blood pressure, high cholesterol and diabetes",High
Poison ivy rash,Skin,"Redness; Itching; Swelling; Blisters; Difficulty breathing, if you've inhaled the smoke from burning poison ivy; Poison ivy rash often appears in a straight line because of the way the plant brushes against your skin; The severity of the rash depends on the amount of urushiol that gets on your skin","Avoid the plants; Wear protective clothing.If needed, protect your skin by wearing socks, boots, pants, long sleeves and heavy gloves; Remove or kill the plants; Wash your skin or your pet's fur; Clean contaminated objects; Apply a barrier cream.Try over-the-counter skin products that are intended to act as a barrier between your skin and the oily resin that causes poison ivy rash",High
Dyslexia,Neurological,"Signs of dyslexia can be difficult to recognize before your child enters school, but some early clues may indicate a problem",,Medium
Medication overuse headaches,Neurological,Happen every day or nearly every day. These headaches often wake people from sleep; Improve with pain medicine but then return as the medicine wears off; Other symptoms may include:; Nausea; Restlessness; Trouble concentrating; Memory problems; Irritability,"Take your headache medicine as prescribed; Contact your healthcare professional if you need headache medicine more than twice a week; Don't take medicines that have butalbital or opioids if possible; Use painkillers you can get without a prescription fewer than 14 days a month; Limit use of triptans or combined pain relievers to no more than nine days a month; Taking care of yourself can help prevent most headaches; Stay away from headache triggers; Get enough sleep.Go to bed and wake up at the same time every day, even on weekends",High
Solitary rectal ulcer syndrome,Digestive,"However, some people with solitary rectal ulcer syndrome may experience no symptoms",,High
Bile reflux,Digestive,"Bile reflux can be difficult to distinguish from gastric acid reflux. The signs and symptoms are similar, and the two conditions may occur at the same time; Bile reflux signs and symptoms include:",,High
Vesicoureteral reflux,Digestive,"Vesicoureteral reflux symptoms often are due to a urinary tract infection (UTI). AUTIdoesn't always cause symptoms, but most people notice some; These symptoms can include:; A strong, constant urge to urinate; A burning feeling when urinating; The need to pass small amounts of urine often; Cloudy urine; Fever; Pain in the side, groin or stomach area",,High
Mitral valve regurgitation,Cardiovascular,"Mitral valve regurgitation is often mild and develops slowly. Some people do not have symptoms for many years; But sometimes, mitral valve regurgitation develops quickly. When this happens, it's called acute mitral valve regurgitation; Fatigue is a common but nonspecific symptom of mitral valve regurgitation. Other symptoms of mitral valve regurgitation include:; Irregular heartbeat, called an arrhythmia; Shortness of breath, especially when lying down; Feelings of a rapid, pounding or fluttering heartbeat, called palpitations; Swollen feet or ankles",,High
Renal artery stenosis,Cardiovascular,"High blood pressure that begins suddenly or gets worse without a known cause; High blood pressure that begins before age 30 or after age 55; As renal artery stenosis advances, other signs and symptoms may include:; High blood pressure that's hard to manage; A whooshing sound as blood flows through a narrowed vessel, called a bruit; Fluid buildup and swelling in the body's tissues",,Medium
Kidney stones,Infectious,"A kidney stone usually doesn't cause symptoms until it moves around within the kidney or passes into one of the ureters; If a kidney stone gets stuck in one of the ureters, it may block the flow of urine and cause the kidney to swell and the ureter to spasm; Serious, sharp pain in the side and back, below the ribs; Pain that spreads to the lower stomach area and groin; Pain that comes in waves and varies in how intense it feels; Pain or a burning feeling while urinating; Other symptoms may include:; Pink, red or brown urine",Prevention of kidney stones may include a mix of lifestyle changes and medicines,Medium
Nonallergic rhinitis,Skin,"Nonallergic rhinitis most often doesn't cause an itchy nose, eyes or throat. That symptom is linked with allergies such as hay fever",,Medium
Tinnitus,Ear/Nose/Throat,"Buzzing; Roaring; Clicking; Hissing; Humming; Most people who have tinnitus have subjective tinnitus, or tinnitus that only you can hear; In rare cases, tinnitus can occur as a rhythmic pulsing or whooshing sound, often in time with your heartbeat","In many cases, tinnitus is the result of something that can't be prevented. However, some precautions can help prevent certain kinds of tinnitus; Use hearing protection; Turn down the volume; Take care of your cardiovascular health; Limit alcohol, caffeine and nicotine.These substances, especially when used in excess, can affect blood flow and contribute to tinnitus",Low
Restless legs syndrome,Other,"Uncomfortable sensations that begin while resting; Relief with movement.The sensation ofRLSlessens with movement. Stretching, jiggling the legs, pacing or walking may improve symptoms; Worsening of symptoms in the evening.Symptoms occur mainly at night; Nighttime leg twitching; People typically describeRLSsymptoms as compelling, unpleasant feelings in the legs or feet; The sensations are felt within the leg rather than on the skin. They're described as:; Crawling; Creeping",,Medium
Intermittent explosive disorder,Infectious,"Impulsive attacks and angry outbursts occur suddenly, with little or no warning; Before an aggressive bout, you may feel:; Rage; Irritability; More tension and energy; Racing thoughts; Tingling; Shaking","If you have intermittent explosive disorder, prevention is likely beyond your control unless you get treatment from a mental health professional; After you start treatment, follow the plan and practice the skills you learn. If medicine is prescribed, be sure to take it. Do not use alcohol or drugs; When possible, leave or avoid situations that upset you",High
Measles,Infectious,"Measles symptoms show up around 7 to 14 days after contact with the virus; The first symptoms usually are:; About 2 to 3 days after the first symptoms, you also may see tiny white spots inside the mouth, called Koplik spots; About 3 to 5 days after symptoms first start, or about 14 days after you come into contact with the virus, it's common to see a rash; A person with measles can spread the virus four days before the rash appears and four days after","The U; For the small group of people who get measles after being fully vaccinated, illness symptoms tend to be mild; In the United States, the measles vaccine is made from a weakened measles virus; Measles vaccines offered outside the United States may protect against measles only or a combination of measles, mumps, rubella and varicella; Most people can get the measles vaccines; Do not get the vaccine if you've had a serious allergic reaction after the first dose of MMR or MMRV or the antibiotic medicine neomycin; Check with a healthcare professional before getting a measles vaccine if you:; If you have questions about whether you should get a measles vaccine, talk to your healthcare professional",High
Patellofemoral pain syndrome,Musculoskeletal,Walking up or down stairs; Kneeling or squatting; Sitting with a bent knee for long periods of time,"Sometimes knee pain just happens. But certain steps may help prevent the pain; Build strength.Strong leg and hip muscles help keep the knee balanced during activity. Avoid deep squatting during weight training; Move safely; Lose excess pounds.If you're overweight, losing weight relieves stress on the knees; Warm up.Before running or doing other exercise, warm up with five minutes or so of light activity; Stretch.Promote flexibility with gentle stretching exercises; Build up slowly.Don't suddenly increase your workouts; Mind your shoes.Wear shoes that fit well and are designed for the activity",Low
Herniated disk,Neurological,"Most herniated disks occur in the lower back, but they also can occur in the neck; Arm or leg pain; Numbness or tingling.People who have herniated disks often have radiating numbness or tingling in the body part served by the affected nerves; Weakness.Muscles served by the affected nerves tend to weaken. This can cause you to stumble or affect your ability to lift or hold items; You can have a herniated disk without symptoms. You might not know you have it unless it shows up on a spinal image","Exercise.Strengthening the trunk muscles stabilizes and supports the spine; Maintain good posture; Maintain a healthy weight.Excess weight puts more pressure on the spine and disks, making them more susceptible to herniation; Quit smoking.Avoid the use of any tobacco products",High
Seasonal affective disorder (SAD),Mental Health,"In most cases, seasonal affective disorder (SAD) symptoms appear during late fall or early winter and go away during the sunnier days of spring and summer; Signs and symptoms of SAD may include:","There's no known way to prevent the development of Seasonal affective disorder (SAD); Some people find it helpful to begin treatment before symptoms would normally start in the fall or winter, and then continue treatment past the time symptoms would normally go away",Medium
Salmonella infection,Digestive,"Salmonella infection is usually caused by eating raw or undercooked meat, poultry, and eggs or egg products or by drinking unpasteurized milk; Possible signs and symptoms of salmonella infection include:; Signs and symptoms of salmonella infection generally last a few days to a week; A few varieties of salmonella bacteria result in typhoid fever, a sometimes deadly disease that is more common in developing countries","The U; You can avoid getting salmonella and spreading bacteria to others in several ways, including safely preparing food, hand-washing, avoiding contamination, and not eating raw meat, dairy or egg products; Preventive methods are especially important when preparing food or providing care for infants, older adults and people with weakened immune systems",High
Spontaneous coronary artery dissection (SCAD),Cardiovascular,"Chest pain or pressure; Pain in the arms, shoulders, back or jaw; Shortness of breath; Unusual sweating; Extreme tiredness; Upset stomach; A rapid heartbeat or fluttery feeling in the chest; Feeling dizzy",,High
Scarlet fever,Infectious,Signs and symptoms of scarlet fever also include:; The rash and the redness in the face and tongue usually last about a week,"If your child has scarlet fever, wash drinking glasses and utensils in hot soapy water or in a dishwasher after your child uses them",Medium
Spinal cord injury,Neurological,"The ability to control your arms or legs after a spinal cord injury depends on two factors; The lowest part of the spinal cord not damaged after an injury is known as the neurological level of the injury; Complete.If all feeling and all ability to control movement are lost below the spinal cord injury, the injury is called complete; Incomplete; Loss of feeling and control of movement is known as paralysis. Paralysis from a spinal cord injury can be referred to as:; Tetraplegia, also known as quadriplegia.This means that your arms, hands, trunk, legs and pelvic organs are all affected by your spinal cord injury; Paraplegia.This paralysis affects all or part of the trunk, legs and pelvic organs but not the arms; Your healthcare team performs a series of tests to determine the neurological level and completeness of your injury",Drive safely; Check water depth before diving; Prevent falls; Take precautions when playing sports; Don't drink and drive.Don't drive after drinking alcohol or while under the influence of drugs. Don't ride with a driver who has been drinking,High
Scleroderma,Cardiovascular,"Scleroderma symptoms vary from person to person, depending on which parts of the body are affected",,High
Brain metastases,Cancer,"Symptoms caused by brain metastases can vary. They depend on location, size and how fast they're growing; Symptoms of brain metastases include:; Headache, sometimes with vomiting or nausea; Mental changes, such as increasing memory problems; Seizures; Weakness or numbness on one side of the body; Vision changes; Difficulty speaking or understanding language",,High
Epilepsy,Neurological,"Temporary confusion; A staring spell; Stiff muscles; Uncontrollable jerking movements of the arms and legs; Loss of consciousness; Psychological symptoms such as fear, anxiety or deja vu; Sometimes people with epilepsy may have changes in their behavior. They also may have symptoms of psychosis; Most people with epilepsy tend to have the same type of seizure each time. Symptoms are usually similar from episode to episode",,Medium
Febrile seizure,Neurological,"Usually, a child having a febrile seizure shakes all over and loses consciousness; A child having a febrile seizure may:; Febrile seizures are classified as simple or complex:; Febrile seizures most often occur within 24 hours of the onset of a fever and can be the first sign that a child is ill","Most febrile seizures occur in the first few hours of a fever, during the initial rise in body temperature",High
Tonic-clonic (grand mal) seizure,Neurological,Tonic phase; Clonic phase; The following symptoms occur in some but not all people with tonic-clonic seizures:; Loss of bowel and bladder function.This may happen during or following a seizure; Not responding after convulsions.The person may not become conscious for several minutes after convulsions have ended; Confusion.The person often is disoriented after a tonic-clonic seizure. This is referred to as postictal confusion; Fatigue.Sleepiness is common after a tonic-clonic seizure; Bad headache.Headaches may occur after a tonic-clonic seizure,,High
Temporal lobe seizure,Neurological,"An odd feeling called an aura may happen before a temporal lobe seizure; The aura is the first part of a focal seizure before a loss of consciousness; Examples of auras include:; A sudden sense of fear or joy; A feeling that what's happening has happened before, known as deja vu; A sudden or strange odor or taste; A rising feeling in the belly that feels like being on a roller coaster; Sometimes temporal lobe seizures keep people from responding to others. This type of temporal lobe seizure most often lasts 30 seconds to 2 minutes",,High
Ventricular septal defect (VSD),Cardiovascular,"Symptoms of serious heart problems present at birth (congenital heart defects) often appear during the first few days, weeks or months of a child's life; Symptoms of a ventricular septal defect (VSD) depend on the size of the hole and if there are any other heart problems. A small VSD may never cause symptoms; In general, VSD symptoms in a baby may include:; Symptoms of a ventricular septal defect in adults may include:","If you have a family history of heart problems present at birth, consider talking with a genetic counselor and a heart doctor (cardiologist) before getting pregnant",High
Severe acute respiratory syndrome (SARS),Respiratory,"After about a week, symptoms can include a dry cough and shortness of breath",Follow these steps for at least 10 days after the person′s fever has gone away and any breathing symptoms have gotten better,High
Female sexual dysfunction,Other,"Low sexual desire.This most common of female sexual dysfunctions involves a lack of interest in sex and not wanting to have sex; Sexual arousal disorder.Even if you want sex, sometimes it may be hard to get or stay aroused during sex; Orgasmic disorder.You have ongoing trouble having an orgasm even with enough sexual arousal; Sexual pain disorder.You have pain when having sex",,Low
Dislocated shoulder,Musculoskeletal,"A visibly deformed or out-of-place shoulder; Swelling or bruising; Intense pain; Inability to move the joint; Shoulder dislocation can also cause numbness, weakness or tingling near the injury, such as in the neck or down the arm",Take careto avoid falls and other shoulder injuries; Wear protective gearwhen playing contact sports; Exercise regularlyto maintain strength and flexibility in joints and muscles; Having a dislocated shoulder joint can increase the risk of future shoulder dislocations,High
Hantavirus pulmonary syndrome,Cardiovascular,"Some people also experience:; As the disease progresses, it can lead to damaged lung tissues, fluid build-up in the lungs, and serious problems with lung and heart function",,High
Stevens-Johnson syndrome,Skin,"As the condition develops, other signs and symptoms include:","If you've had this condition, avoid the medication that triggered it; Your immediate blood relatives also might want to avoid this drug because sometimes this condition runs in families",High
Melanoma,Cancer,A change in an existing mole; The development of a new pigmented or unusual-looking growth on the skin; Melanoma doesn't always begin as a mole. It also can happen on otherwise healthy skin; Melanomas symptoms can happen anywhere on the body; Melanomas also can happen in areas that aren't as exposed to the sun,Avoid tanning lamps and beds; Avoid the sun during the middle of the day; Become familiar with your skin so that you'll notice changes; Wear protective clothing; Wear sunscreen year-round,High
Heart palpitations,Cardiovascular,Heart palpitations may be felt in the throat or neck as well as the chest. They can occur during activity or at rest,,High
Central sleep apnea,Cardiovascular,"Observed episodes of not breathing during sleep; Sudden awakenings with shortness of breath; Not being able to stay asleep, known as insomnia; Excessive daytime sleepiness, known as hypersomnia; Trouble focusing; Mood changes; Morning headaches; Snoring",,High
Obstructive sleep apnea,Musculoskeletal,"Excessive daytime sleepiness; Loud snoring; Observed episodes of stopped breathing during sleep; Waking during the night and gasping or choking; Awakening in the morning with a dry mouth or sore throat; Morning headaches; Trouble focusing during the day; Mood changes, such as depression or being easily upset",,High
Insomnia,Mental Health,"Having a hard time falling asleep at night; Waking up during the night; Waking up too early; Feeling tired or sleepy during the day; Feeling cranky, depressed or anxious; Having a hard time paying attention, focusing on tasks or remembering; Making more errors or having more accidents; Having ongoing worries about sleep","Keep the time you go to bed and the time you wake up the same every day, including weekends; Stay active. Regular activity can lead to a good night's sleep; Limit naps or do not nap at all; Limit or do not use caffeine, alcohol and nicotine; Do not eat large meals or drink a lot of fluids before bed; Make your bedroom comfortable for sleep and only use it for sex or sleep; Create a relaxing bedtime ritual, such as taking a warm bath, reading or listening to soft music",Medium
Bradycardia,Cardiovascular,"Chest pain; Confusion or memory problems; Dizziness or lightheadedness; Feeling very tired, especially during physical activity; Fainting or near-fainting; Shortness of breath","Preventing heart disease may help lower the risk of bradycardia; The American Heart Association recommends these steps:; Get regular exercise.Ask your healthcare team about how much and what type of exercise is best for you; Eat nutritious foods.Eat a healthy diet that's low in salt and solid fats and rich in fruits, vegetables and whole grains; Keep a healthy weight.Being overweight increases the risk of heart disease. Talk with your care team to set realistic goals for body mass index (BMI) and weight; Control blood pressure and cholesterol; Don't smoke or use tobacco.If you smoke and can't quit on your own, talk to a healthcare professional about methods or programs to help; Limit or do not drink alcohol",High
Small bowel prolapse (enterocele),Digestive,"A pulling sensation in your pelvis that eases when you lie down; A feeling of pelvic fullness, pressure or pain; Low back pain that eases when you lie down; A soft bulge of tissue in your vagina; Vaginal discomfort and painful intercourse (dyspareunia); Many women with small bowel prolapse also experience prolapse of other pelvic organs, such as the bladder, uterus or rectum","Maintain a healthy weight.If you're overweight, losing some weight can decrease the pressure inside your abdomen; Prevent constipation.Eat high-fiber foods, drink plenty of fluids and exercise regularly to help prevent having to strain during bowel movements; Treat a chronic cough.Constant coughing increases abdominal pressure. See your doctor to ask about treatment if you have an ongoing (chronic) cough; Quit smoking.Smoking contributes to chronic coughing; Avoid heavy lifting.Lifting heavy objects increases abdominal pressure",High
Sleepwalking,Ear/Nose/Throat,"Sleepwalking usually occurs early in the night — often 1 to 2 hours after falling asleep; People who sleepwalk may:; Get out of bed and walk around; Sit up in bed and open their eyes; Have a glazed, glassy-eyed expression; Not respond or talk to others; Be hard to wake up; Be confused for a short time after waking up",,Medium
Enlarged spleen (splenomegaly),Cancer,Pain or fullness in the left upper belly that can spread to the left shoulder; A feeling of fullness without eating or after eating a small amount because the spleen is pressing on your stomach; Low red blood cells (anemia); Frequent infections; Bleeding easily,,High
Metastatic prostate cancer,Cancer,"Feeling very tired; Having to urinate more often or feeling pain when urinating; Losing weight without trying; Nausea and vomiting; Pain, which might be felt in the back, hips, pelvic area or in a bone. The pain tends to get worse over time",,High
Stuttering,Ear/Nose/Throat,"Having a hard time starting a word, phrase or sentence; Stretching out a word or sounds within a word; Repeating a sound, syllable or word; Brief silence for certain syllables or words, or pausing before or within a word; Adding extra words such as ""um"" if expecting to have problems moving to the next word; A lot of tension, tightness or movement of the face or upper body when saying a word; Anxiety about talking; Not being able to communicate well with others",,Medium
Sexually transmitted diseases (STDs),Infectious,"STDscan have a range of symptoms, including no symptoms; STIsymptoms might include:; Sores or bumps on the genitals or in the oral or rectal area; Painful or burning urination; Discharge from the penis; Unusual or odorous vaginal discharge; Unusual vaginal bleeding; Pain during sex","There are many ways to avoid or lower your risk of getting anSTD; Avoid sex or sexual activity.The most effective way to avoidSTDsis to not have sex; Stay with one uninfected partner; Wait and test; Get vaccinated; Use condoms and dental dams consistently and correctly; Don't drink alcohol excessively or use illegal drugs.If you're under the influence of these substances, you're more likely to take sexual risks; Talk to your partner",High
Progressive supranuclear palsy,Neurological,"A loss of balance while walking.A tendency to fall backward can occur very early in the disease; An inability to aim your eyes properly; Additional symptoms of progressive supranuclear palsy vary and may mimic those of Parkinson's disease and dementia; Stiffness, especially of the neck, and awkward movements; Falling, especially falling backward; Slow or slurred speech; Trouble swallowing, which may cause gagging or choking; Being sensitive to bright light",,High
Trigger finger,Endocrine,"Finger stiffness, particularly in the morning; A popping or clicking sensation as the finger moves; Tenderness or a bump in the palm at the base of the affected finger; Finger catching or locking in a bent position, which suddenly pops straight; Finger locked in a bent position; Trigger finger can affect any finger, including the thumb",,Medium
Aortic valve stenosis,Cardiovascular,"Aortic valve stenosis ranges from mild to severe; Symptoms of aortic valve stenosis may include:; Chest pain or tightness with activity; Feeling faint or dizzy or fainting with activity; Shortness of breath, especially with activity; Fatigue, especially during times of increased activity; Rapid, fluttering heartbeat; Children with aortic valve stenosis may have other symptoms such as:",Get a health checkup when you have a sore throat; Keep the heart healthy; Take care of the teeth and gums,High
Mitral valve stenosis,Cardiovascular,"Mitral valve stenosis usually worsens slowly; Symptoms of mitral valve stenosis include:; Shortness of breath, especially with activity or when you lie down; Fatigue, especially during increased activity; Swollen feet or legs; Pounding, skipping or otherwise irregular heartbeats, called arrhythmias; Dizziness or fainting; Fluid buildup in the lungs",Rheumatic fever is the most common cause of mitral valve stenosis,High
Pulmonary valve stenosis,Cardiovascular,Pulmonary valve stenosis symptoms depend on how much blood flow is blocked; Pulmonary valve stenosis symptoms may include:; Babies with pulmonary valve stenosis may have blue or gray skin due to low oxygen levels,,Medium
Pyloric stenosis,Cardiovascular,"Symptoms of pyloric stenosis usually appear within 3 to 6 weeks after birth. Pyloric stenosis is rare in babies older than 3 months; Symptoms include:; Vomiting after feeding; Constant hunger.Babies who have pyloric stenosis often want to eat soon after vomiting; Stomach contractions; Dehydration; Changes in stool.Since pyloric stenosis prevents food from reaching the intestines, babies with this condition might be constipated; Weight loss.The lack of nutrition can cause a baby not to gain weight or to lose weight",,Medium
Spinal stenosis,Neurological,Spinal stenosis often causes no symptoms,,Medium
Bee sting,Infectious,Bee sting symptoms can range from pain and swelling to a life-threatening allergic reaction; Mild reaction; Moderate reaction; Severe reaction; Multiple bee stings,"Take care when drinking sweet beverages outside. Use wide, open cups so you can see if a bee is in them. Inspect cans and straws before drinking from them; Tightly cover food containers and trash cans, as odors from them can attract insects; Clear away garbage, fallen fruit, and dog or other animal feces, as flies can attract wasps; Wear closed-toe shoes when walking outside. Don't walk through flowers; Don't use perfumes and scented hair and body products, as they can attract insects; Don't wear bright colors or floral prints, as they can attract bees; Be careful when mowing the lawn or trimming vegetation. Such activities might disturb insects in a beehive or wasp nest; Avoid being near bees, yellow jackets and hornets. For example, remove hives and nests near your home if you can do this safely",High
Jellyfish stings,Infectious,"Burning, prickling, stinging pain; Welts or tracks on the skin — a ""print"" of the tentacles' contact with the skin; Itchiness (pruritus); Swelling; Throbbing pain that radiates up a leg or an arm; Severe jellyfish stings can affect multiple body systems; Stomach pain, nausea and vomiting; Headache",Wear a protective suit; Get information about conditions; Avoid water during jellyfish season.Stay out of the water in jellyfish areas when jellyfish numbers are high,High
Scorpion sting,Digestive,"Pain, which can be intense; Numbness and tingling; Slight swelling; Warmth; Symptoms from venom that affect the whole body — usually in children who are stung — include:; A hard time breathing; Muscle twitching or thrashing; Unusual head, neck and eye movements","Remove pilesof rocks or lumber from around your house, and don't store firewood against the house or inside; Keep grass closely mowed,and prune bushes and overhanging tree branches that can provide scorpions with a path to your roof; Caulk cracks,install weatherstripping around doors and windows, and repair torn screens; Inspect and shake outgardening gloves, clothing and boots that haven't been used for a while; Take steps when you're traveling; Scorpions glow under a black light, so you might want to use one at night to look at what's around you",High
Residual limb pain,Other,"Prickling; Throbbing; Burning; Squeezing; Stabbing; Cramping; In some people, the residual limb may move by itself a little or a lot","A replacement limb, called a prothesis, that fits well can ease pressure between the residual limb and the prothesis; Some nerve issues, such as diabetic neuropathy, can make it harder to feel pain; Researchers are studying other ways to prevent residual limb pain after amputation",Medium
Infertility,Ear/Nose/Throat,The main symptom of infertility is not getting pregnant; Many couples eventually will conceive — with or without treatment,Some types of infertility can't be prevented. But the following tips may boost your chances of pregnancy,High
Suicide and suicidal thoughts,Ear/Nose/Throat,"Talking about suicide — for example, making statements such as ""I'm going to kill myself,"" ""I wish I were dead"" or ""I wish I hadn't been born""; Getting the means to take your own life, such as buying a gun or stockpiling pills; Withdrawing from social contact and wanting to be left alone; Having mood swings, such as being emotionally high one day and deeply discouraged the next; Being preoccupied with death, dying or violence; Feeling trapped or hopeless about a situation; Increasing use of alcohol or drugs; Changing normal routine, including eating or sleeping patterns","Get the treatment you need; Establish your support network; Remember, suicidal feelings are temporary",High
Supraventricular tachycardia,Cardiovascular,"The main symptom of supraventricular tachycardia (SVT) is a very fast heartbeat that may last for a few minutes to a few days; Symptoms of supraventricular tachycardia may include:; Pounding or fluttering feelings in the chest, called palpitations; A pounding sensation in the neck; Chest pain; Fainting or almost fainting; Lightheadedness or dizziness; Shortness of breath","The same lifestyle changes used to manage supraventricular tachycardia (SVT) also may help prevent it. Try these tips; Follow a heart-healthy lifestyle.Eat a nutritious diet, don't smoke, get regular exercise and manage stress; Don't use a lot of caffeine; Keep a notebook or diary of when symptoms happen; Use medicines carefully.Some medicines, including those bought without a prescription, may contain stimulants that can triggerSVT",High
Edema,Cardiovascular,"Swelling or puffiness of the tissue right under the skin, especially in legs or arms; Stretched or shiny skin; Skin that holds a dimple, also known as pitting, after it's been pressed for a few seconds; Swelling of the belly, also called the abdomen, so that it's bigger than usual; Feeling of leg heaviness",,High
Lupus,Cardiovascular,No two cases of lupus are exactly alike; The signs and symptoms of lupus that you experience will depend on which body systems are affected by the disease. The most common signs and symptoms include:,,Low
Total anomalous pulmonary venous return (TAPVR),Respiratory,"Symptoms of total anomalous pulmonary venous return (TAPVR) in babies may include trouble breathing, poor feeding and a weak pulse; Symptoms ofTAPVRmay appear soon after birth. But some people don't have symptoms until later in life; Serious congenital heart defects are often diagnosed before or soon after a child is born",,Low
Tuberculosis,Respiratory,"When TB germs survive and multiply in the lungs, it is called a TB infection. A TB infection may be in one of three stages. Symptoms are different in each stage; Primary TB infection; Most people don't have symptoms during a primary infection. Some people may get flu-like symptoms, such as:; Latent TB infection; Active TB disease; Symptoms of active TB disease in the lungs usually begin gradually and worsen over a few weeks. They may include:; Active TB disease outside the lungs; Active TB disease in the voice box is outside the lungs, but it has symptoms more like disease in the lungs","If you test positive for latent TB infection, you may need to take medicines to prevent active TB disease",High
Traumatic brain injury,Neurological,Traumatic brain injury can have wide-ranging physical and psychological effects,,High
Teeth grinding (bruxism),Neurological,"Teeth grinding or clenching, which may be loud enough to wake up your sleep partner; Teeth that are flattened, fractured, chipped or loose; Worn tooth enamel. This can expose the inner layers of your teeth; Tooth pain or sensitivity; Tired or tight jaw muscles, or a locked jaw that won't open or close all the way. Your jaw may pop and click; Jaw, neck or face pain or soreness; Jaw muscles that are larger than expected; Pain that feels like an earache, though it's not really a problem with your ear",,High
TMJ disorders,Musculoskeletal,"Pain or tenderness in the jaw; Pain in one or both temporomandibular joints; Aching pain in and around the ear; Having a hard time chewing or pain while chewing; Aching facial pain; Locking of the joint, making it hard to open or close your mouth; Headache; Neck pain",,Medium
Achilles tendinitis,Musculoskeletal,Achilles tendinitis pain most often begins as a mild ache in the back of the leg or above the heel after running or other sports activity; Achilles tendinitis can make it hard to use the affected foot,,High
De Quervain tenosynovitis,Musculoskeletal,"Pain near the base of the thumb; Swelling near the base of the thumb; Difficulty moving the thumb and wrist when doing something that involves grasping or pinching; A ""sticking"" or ""stop-and-go"" sensation in the thumb when moving it; If the condition goes too long without treatment, the pain may spread farther into the thumb or forearm or both",,Low
Retractile testicle,Infectious,Testicles form in the abdomen during fetal development; Symptoms of a retractile testicle include:; The testicle may be moved by hand from the groin into the scrotum and won't immediately retreat to the groin; The testicle might spontaneously appear in the scrotum and remain there for a time; The testicle might spontaneously disappear again for a time; Retractile testicle is different from undescended testicle (cryptorchidism). An undescended testicle is one that never entered the scrotum,,Medium
Buerger disease,Cardiovascular,"Tingling or numbness in the fingers or toes; Changes in skin color in the hands and feet; Fingers and toes that turn white then blue when exposed to cold, known as Raynaud's disease; Pain in the feet that occurs with walking. The pain may make it difficult to walk long distances; Painful open sores on fingers and toes. Pain in the fingers and toes may become severe and occur at rest; Inflammation of a vein just below the skin's surface, due to a blood clot in the vein","Nearly everyone who has Buerger disease has smoked or used some form of tobacco. To prevent Buerger disease, it's important to not use tobacco; Quitting smoking can be hard. Talk to a health care provider about ways to quit",High
Transient ischemic attack (TIA),Cardiovascular,"Weakness, numbness or paralysis in the face, arm or leg, typically on one side of the body; Slurred speech or trouble understanding others; Blindness in one or both eyes or double vision; Dizziness or loss of balance or coordination; You may have more than oneTIA. Their symptoms may be similar or different depending on which area of the brain is involved","Don't smoke.Stopping smoking reduces your risk of aTIAor a stroke; Limit cholesterol and fat; Eat plenty of fruits and vegetables.These foods contain nutrients such as potassium, folate and antioxidants, which may protect against aTIAor a stroke; Limit sodium; Exercise regularly.If you have high blood pressure, regular exercise is one of the few ways you can lower your blood pressure without medicines; Limit alcohol intake.Drink alcohol in moderation, if at all. The recommended limit is no more than one drink daily for women and two drinks a day for men; Maintain a healthy weight; Don't use illicit drugs.Illicit drugs such as cocaine are associated with an increased risk of aTIAor a stroke",High
Jock itch,Infectious,"A spreading rash that begins in the crease of the groin and moves down the upper thigh and buttocks; A rash whose center tends to clear as the rash spreads; A rash that may be full or partially ring shaped; A rash bordered with small blisters; Itchiness; Scaly skin; A rash that might be red, brown, purple or gray depending on your skin color","Stay dry; Wear clean clothes; Find the correct fit; Don't share personal items.Don't let others use your clothing, towels or other personal items. Don't borrow such items from others; Treat or prevent athlete's foot",Medium
Cavities and tooth decay,Infectious,"Toothache and other pain; Tooth sensitivity; Mild to sharp pain when eating or drinking something sweet, hot or cold; Holes or pits in your teeth that you can see; Brown, black or white staining on any surface of a tooth; Pain when you bite down","Good oral and dental hygiene can help keep you from getting cavities. Here are some tips to help prevent cavities. Ask your dentist which tips are best for you; Brush with fluoride toothpaste after eating or drinking; Rinse your mouth.If your dentist feels that you have a high risk of getting cavities, a mouth rinse with fluoride may be recommended; Visit your dentist regularly; Consider dental sealants; Drink some tap water; Avoid snacking and sipping a lot; Eat tooth-healthy foods",High
Testicular torsion,Infectious,Young boys who have testicular torsion typically wake up due to scrotal pain in the middle of the night or early in the morning,Having testicles that can rotate in the scrotum is a trait inherited by some males,High
TEN,Skin,"Widespread skin pain; A spreading rash covering more than 30% of the body; Blisters and large areas of peeling skin; Sores, swelling and crusting on the mucous membranes, including the mouth, eyes and vagina","To prevent another episode ofTEN, learn whether it was caused by a medicine",High
Transposition of the great arteries,Cardiovascular,"Blue or gray skin due to low oxygen levels. Depending on skin color, these color changes may be harder or easier to see; Pounding heartbeat; Weak pulse; Lack of appetite; Poor weight gain; Some people with the congenitally corrected type of TGA may not have symptoms for many years; Also, skin color changes may not be seen right away if a baby with TGA also has other heart changes that let some oxygen-rich blood move through the body","Because the exact cause of most congenital heart defects is not known, it may not be possible to prevent these conditions; If you have a family history of heart conditions present at birth, talk with a genetic counselor and a healthcare professional trained in congenital heart defects before getting pregnant; It's important to take steps to have a healthy pregnancy",High
Down syndrome,Cardiovascular,Each person with Down syndrome is an individual; Children and adults with Down syndrome have distinct face and body features; Flattened face and small nose with a flat bridge; Small head; Short neck; Tongue that tends to stick out of the mouth; Upward slanting eyelids; Skin fold of the upper eyelid that covers the inner corner of the eye,There's no way to prevent Down syndrome; A genetic counselor can help you understand your chances of having a child with Down syndrome,High
Triple X syndrome,Neurological,"Signs and symptoms can vary greatly among girls and women with triple X syndrome. Many experience no noticeable effects or have only mild symptoms; Being taller than average height is the most typical physical feature; Occasionally, significant symptoms may occur, which vary among individuals. These signs and symptoms may show up as:; Sometimes females with triple X syndrome have these signs and symptoms:",,Low
Salivary gland tumors,Cancer,A lump or swelling on or near the jaw or in the neck or mouth; Muscle weakness on one side of the face; Numbness in part of the face; Ongoing pain near a salivary gland; Trouble opening the mouth widely; Trouble swallowing,,High
Peptic ulcer,Digestive,"Dull or burning stomach pain. For some people, pain may be worse between meals and at night. For others, it may be worse after eating; Feeling of fullness or bloating; Belching; Heartburn; Nausea; Peptic ulcers can cause bleeding from the ulcer. Then symptoms might include:; Vomiting blood, which may appear red or black; Having dark blood in stools, or stools that are black or tarry","Take care with pain relievers; If you smoke, find a way to quit.Quitting smoking can lower your risk of peptic ulcer. Talk with your healthcare professional for help with quitting",High
Ulnar wrist pain,Musculoskeletal,Pain that worsens when gripping something or twisting the wrist; Loss of strength when trying to grip firmly; Trouble moving the wrist or rotating the forearm; A popping or clicking sound when moving the wrist,,Low
Hypothyroidism (underactive thyroid),Cardiovascular,"The symptoms of hypothyroidism depend on the severity of the condition. Problems tend to develop slowly, often over several years; At first, you may barely notice the symptoms of hypothyroidism, such as fatigue and weight gain; Hypothyroidism symptoms may include:; Tiredness; More sensitivity to cold; Constipation; Dry skin; Weight gain",,High
Double uterus,Reproductive,A double uterus often causes no symptoms; Women who have a double vagina along with a double uterus may first see a health care provider for menstrual bleeding that isn't stopped by a tampon,,High
Urinary tract infection (UTI),Infectious,"A strong urge to urinate that doesn't go away; A burning feeling when urinating; Urinating often, and passing small amounts of urine; Urine that looks cloudy; Urine that appears red, bright pink or cola-colored — signs of blood in the urine; Strong-smelling urine; Pelvic pain, in women — especially in the center of the pelvis and around the area of the pubic bone; In older adults,UTIs may be overlooked or mistaken for other conditions","Drink plenty of liquids, especially water; Try cranberry juice.Studies that look into whether cranberry juice preventsUTIs aren't final. However, drinking cranberry juice is likely not harmful; Wipe from front to back.Do this after urinating and after a bowel movement. It helps prevent the spread of bacteria from the anus to the vagina and urethra; Empty your bladder soon after having sex.Also drink a full glass of water to help flush bacteria; Avoid potentially irritating feminine products; Change your birth control method.Diaphragms, unlubricated condoms or condoms treated with spermicide can contribute to bacterial growth",High
Heart valve disease,Cardiovascular,Shortness of breath at rest or when active or lying down; Fatigue; Chest pain; Dizziness; Swelling of the ankles and feet; Fainting; Irregular heartbeat,,High
Chickenpox,Infectious,"Fever; Loss of appetite; Headache; Tiredness and a general feeling of being unwell; Once the chickenpox rash appears, it goes through three phases:; Raised bumps called papules, which break out over a few days; Small fluid-filled blisters called vesicles, which form in about one day and then break and leak; Crusts and scabs, which cover the broken blisters and take a few more days to heal","The chickenpox vaccine, also called the varicella vaccine, is the best way to prevent chickenpox; In the United States, two chickenpox vaccines are licensed for use: Varivax contains only the chickenpox vaccine; In the United States, children receive two doses of the varicella vaccine: the first between ages 12 and 15 months and the second between ages 4 and 6 years; For some children between the ages of 12 and 23 months, the MMRV combination vaccine may raise the risk of fever and seizure from the vaccine; Children 7 to 12 years old who haven't been vaccinated should receive two doses of the varicella vaccine. The doses should be given at least three months apart; People age 13 or older who haven't been vaccinated should receive two catch-up doses of the vaccine at least four weeks apart; If you don't remember whether you've had chickenpox or the vaccine, your provider can give you a blood test to find out; Other chickenpox vaccines are offered outside the United States. Talk to your health care provider for more information on how well they prevent chickenpox",High
Esophageal varices,Digestive,"Vomiting large amounts of blood; Black, tarry or bloody stools; Lightheadedness due to blood loss; Loss of consciousness in severe cases; A healthcare professional might suspect esophageal varices if someone has signs of liver disease or has been diagnosed with liver cirrhosis, including:; Yellow coloration of your skin and eyes, known as jaundice; Easy bleeding or bruising; Fluid buildup in your belly, called ascites (uh-SAHY-teez)","Currently, no treatment can prevent the development of esophageal varices in people with cirrhosis; If you've been diagnosed with liver disease, ask a healthcare professional about strategies to avoid liver disease complications. To keep your liver healthy:; Don't drink alcohol; Eat a healthy diet; Maintain a healthy weight; Use chemicals sparingly and carefully; Reduce your risk of hepatitis",High
Smallpox,Infectious,"The first symptoms of smallpox usually appear 12 to 14 days after you're exposed to the smallpox virus; After the incubation period, sudden flu-like symptoms occur. These include:; Fever; Muscle aches; Headache; Severe fatigue; Severe back pain; Vomiting, sometimes","If a smallpox outbreak happened, people with smallpox would be isolated to try to stop the spread of the virus; Two vaccines are available:; The ACAM2000 vaccine uses a live virus that's like smallpox, but less harmful; A second vaccine (Jynneos) uses a very weakened strain of virus and is safer than ACAM2000; Smallpox vaccines also provide protection against other similar viral infections such as mpox, also known as monkeypox, and cowpox",High
DiGeorge syndrome (22q11.2 deletion syndrome),Cardiovascular,"Symptoms of DiGeorge syndrome can vary based on what body systems are affected and the severity of the problems; Symptoms of DiGeorge syndrome may include:; Heart issues, such as problems with the structure of the heart and vessels, or a heart murmur and bluish skin because of poor circulation of blood, also known as cyanosis; Frequent infections; Distinctive facial features, such as an underdeveloped chin, ears that look different, wide-set eyes, hooded eyes and an enlarged nose tip; A gap in the roof of the mouth, also known as a cleft palate, or other problems with the palate; A hard time feeding, failure to gain weight or stomach problems; Hearing loss","In some cases, an affected parent may pass DiGeorge syndrome to a child",High
Ventricular fibrillation,Cardiovascular,"Collapse and loss of consciousness are the most common symptoms of ventricular fibrillation; Before a ventricular fibrillation episode, you may have symptoms of an irregularly fast or erratic heartbeat (arrhythmia). You may have:",,High
Vocal cord paralysis,Cancer,"Vocal cord paralysis usually involves the loss of control of only one vocal cord; The vocal cords are two flexible bands of muscle tissue that sit at the entrance to the windpipe, also known as the trachea; Symptoms of vocal cord paralysis may include:; A breathy quality to the voice; Hoarseness; Noisy breathing; Shortness of breath; Loss of vocal pitch",,High
Common warts,Infectious,"Small, fleshy, grainy bumps on the fingers or hands; Feeling rough to the touch; A sprinkling of black dots, which are clotted blood vessels","Don't touch or pick at warts, including your own; Don't use the same emery board, pumice stone or nail clipper on your warts as you use on healthy skin and nails. Use a disposable emery board; Don't bite your fingernails or pick at hangnails; Groom with care. And avoid brushing, clipping or shaving areas that have warts; Avoid shared hot tubs, showers and warm baths. And don't share washcloths or towels; Use hand moisturizer daily. This helps prevent dry, cracked skin",Low
Plantar warts,Infectious,"A small, rough growth on the bottom of your foot, usually at the base of the toes or on the ball or heel; On brown and Black skin, the growth may be lighter than unaffected skin; Hard, thickened skin (callus) over a spot on the skin, where a wart has grown inward; Black pinpoints, which are small clotted blood vessels commonly called wart seeds; A cluster of growths on the sole of the foot (mosaic warts); A growth that interrupts the normal lines and ridges in the skin of your foot; Pain or tenderness when walking or standing","Avoid direct contact with warts. This includes your own warts. Wash your hands carefully after touching a wart; Keep your feet clean and dry; Wear sandals or other foot protection when walking around swimming pools, in locker rooms or in gym showers; Don't pick at or scratch warts; When using an emery board, pumice stone or nail clipper on your warts, choose one that you don't use on your healthy skin and nails",Medium
Granulomatosis with polyangiitis,Cardiovascular,"Symptoms of granulomatosis with polyangiitis (GPA) can vary widely from person to person. Symptoms can start quickly, or they can develop over months; Early on, GPA can cause general symptoms such as:; Fever; Tiredness and not feeling well, also called malaise; Weight loss without a clear reason for it; Muscle aches and pain; Joint stiffness; Specific symptoms depend on what parts of the body GPA affects",,High
Pediatric white blood cell disorders,Infectious,Symptoms depend on the type of white blood cell and whether there are too few or too many of them,,Medium
Impacted wisdom teeth,Musculoskeletal,Red or swollen gums; Tender or bleeding gums; Jaw pain; Swelling around the jaw; Bad breath; An unpleasant taste in your mouth; A hard time opening your mouth,You can't keep an impaction from occurring,High
Wrinkles,Skin,"Wrinkles are the lines and creases that form in your skin. Some wrinkles become deep and may be especially noticeable around the eyes, mouth and neck","Protect your skin fromUVradiation; Wash your face and moisturize; Don't smoke.Even if you've smoked for years or smoke heavily, you can still improve your skin and prevent wrinkles by quitting smoking; Eat a healthy diet",Medium
Broken wrist,Infectious,"Severe pain that might worsen when gripping or squeezing or moving your hand or wrist; Swelling; Tenderness; Bruising; Obvious deformity, such as a bent wrist",It's impossible to prevent the unforeseen events that often cause a broken wrist. But these tips might offer some protection,Medium
Dry skin,Respiratory,"A feeling of skin tightness; Skin that feels and looks rough; Itchiness (pruritus); Slight to severe flaking skin, which causes the ashy look that can affect dry brown and black skin; Slight to severe scaling or peeling; Cracked ""dry riverbed"" look to leg; Fine lines or cracks; Skin that ranges from reddish on white skin to grayish on brown and black skin","Moisturize; Limit water exposure.Keep bath and shower time to 10 minutes or less. Use warm, not hot, water. Rinse and pat dry. Try to bathe no more than once a day; Use a gentle cleanser or allergen-free soap; Shave with care; Cover as much skin as possible in cold or windy weather; Wear gloves.Protect your hands with suitable gloves when gardening, using harsh cleansers and doing other skin-drying activities; Rinse and moisturize after swimming.This is especially important if you've been swimming in a heavily chlorinated pool; Drink when you're thirsty.Drink noncaffeinated beverages each day to help keep all your body's tissues, including your skin, well hydrated",High
Dry mouth,Cancer,"Dryness or a feeling of stickiness in your mouth; Saliva that seems thick and stringy; Bad breath; Having a hard time chewing, speaking and swallowing; Dry or sore throat and hoarseness; Dry or grooved tongue; A changed sense of taste; Problems wearing dentures",,High
Plague,Infectious,There are three types of plague. The symptoms vary for each type,"No vaccine is available, but scientists are working to develop one. Antibiotics can help prevent infection if you were likely exposed to plague; People with pneumonic plague are isolated during treatment to prevent the spread of disease",High
